questions,lang
When was the Battle of Gettysburg?,en
Quando foi a batalha de Gettysburg?,pt_BR
Wann fand die Schlacht von Gettysburg statt?,de
¿Cuándo tuvo lugar la batalla de Gettysburg?,es
Quando ha avuto luogo la battaglia di Gettysburg?,it
Quand se déroula la bataille de Gettysburg?,fr
Wanneer was de Slag bij Gettysburg?,nl
गेटिसबर्ग का युद्ध कब हुआ था?,hi_IN
List all the musicals with music by Elton John.,en
Liste todos os musicais com músicas de Elton John.,pt_BR
Liste alle Musicals mit Musik von Elton John auf.,de
Dame todos los musicales con música de Elton John.,es
Elenca tutti i musicals con musiche di Elton John.,it
Donne-moi tous les musicals avec de la musique de de Elton John.,fr
Toen een lijst van alle musicals met muziek van Elton John.,nl
एल्टन जॉन द्वारा संगीत के साथ सभी संगीतों को सूचीबद्ध करें।,hi_IN
Listează toate muzicalurile cu muzică de Elton John.,ro
How high is the lighthouse in Colombo?,en
Qual a altura do Farol em Colombo?,pt_BR
فانوس دریایی کولومبو چقدر بلند است؟,fa
Wie hoch ist der Leuchtturm in Colombo?,de
¿Cómo de alta el faro de Colombo?,es
Quanto è alto il faro di Colombo?,it
Quelle est la hauteur du phare de Colombo?,fr
Hoe hoog is de vuurtoren van Colombo?,nl
कोलंबो में लाइटहाउस कितना ऊँचा है?,hi_IN
Cât de înalt este farul din Colombo?,ro
Who was the wife of U.S. president Lincoln?,en
Quem foi a esposa do presidente americano Lincoln?,pt_BR
Wer war die Frau von US-Präsident Lincoln?,de
¿Quién fué la mujer del presidente americano Lincoln?,es
Chi era la moglie del presidente degli Stati Uniti Lincoln?,it
Qui était l'épouse du président américain Lincoln?,fr
Wie was de vrouw van de Amerikaanse president Lincoln?,nl
अमेरिकी राष्ट्रपति लिंकन की पत्नी कौन थी?,hi_IN
Who is the host of the BBC Wildlife Specials?,en
Quem é o apresentador do BBC Wildlife Specials?,pt_BR
مجری مجموعه حیات وحش بی.بی.سی چه کسی است؟,fa
Wer moderiert die BBC Wildlife Specials?,de
¿Quién es el anfitrión de los especiales de la BBC Wildlife?,es
Chi è il presentatore degli speciali della BBC Wildlife?,it
Qui est le présentateur de BBC Wildlife Specials?,fr
Wie is de presentator van de BBC Wildlife Specials?,nl
बीबीसी वाइल्डलाइफ स्पेशल का मेजबान कौन है?,hi_IN
Cine este prezentatorul pentru BBC Wildlife Specials?,ro
How much did Pulp Fiction cost?,en
Quanto custou Pulp Fiction?,pt_BR
پالپ فیکشن چقدر هزینه داشت؟,fa
Wieviel hat Pulp Fiction gekostet?,de
¿Cuanto costo Pulp Fiction?,es
Quanto è costato Pulp Fiction?,it
Combien a coûté Pulp Fiction?,fr
Howeveel koste Pulp Fiction?,nl
पल्प फिक्शन की लागत कितनी थी?,hi_IN
Cât a costat Pulp Fiction?,ro
In what city is the Heineken brewery?,en
Em que cidade fica a cervejaria Heineken?,pt_BR
آبجوسازی هینکن در کدام شهر قرار دارد؟,fa
In welcher Stadt ist die Heinekenbrauerei?,de
¿En qué ciudad esta la fábrica de cerveza Heineken?,es
In quale città si trova il birrificio della Heiniken?,it
Dans quelle ville se trouve la brasserie de Heineken?,fr
In welke stad bevindt zich de Heineken brouwerij?,nl
हाइनेकेन शराब की भठ्ठी किस शहर में है?,hi_IN
În ce oraș este fabrica de bere Heineken?,ro
When did Operation Overlord commence?,en
Quando começou a Operação Overlord?,pt_BR
نبرد خان بزرگ کی شروع شد؟,fa
Wann wurde die Operation Overlord durchgeführt?,de
¿Cuándo comenzó la operación Overlord?,es
Quando è iniziata l'operatione Overlord?,it
Quand a commencé l'opération Overlord?,fr
Wanneer vond Operatie Overlord plaats?,nl
ऑपरेशन ओवेरलोर्ड कब शुरू हुआ था?,hi_IN
Când a început operațiunea Overlord?,ro
In which city does the Chile Route 68 end?,en
Em que cidade termina a Rota 68 do Chile?,pt_BR
در کدام شهر مسیر 68 شیلی پایان می یابد؟,fa
In welcher Stadt hört die Ruta 68 auf?,de
¿En que ciudad termina la ruta Chilena 68?,es
In quale città termina la Route 68 in Cile?,it
Dans quelle ville se termine la route 68 chilienne?,fr
In welke stad eindigt de Route 68 in Chili?,nl
चिली रूट 68 का अंत कौनसे शहर में होता है?,hi_IN
În ce oraș se termină Route 68 din Chile?,ro
Who developed Slack?,en
Quem desenvolveu o Slack?,pt_BR
اسلک را چه کسی توسعه داد؟,fa
Wer hat Slack entwickelt?,de
¿Quien desarrolló Slack?,es
Chi ha sviluppato Slack?,it
Qui est le développeur de Slack?,fr
Wie ontwikkelde Slack?,nl
कौन ने स्लैक विकसित किया है?,hi_IN
Cine a dezvoltat Slack?,ro
Who was married to president Chirac?,en
Quem foi casada com o presidente Chirac?,pt_BR
Wer war mit Präsident Chirac verheiratet?,de
¿Quién estuvo casado con el presidente Chirac?,es
Chi è stato sposato con il presidente Chirac?,it
Qui était marrié avec le président Chirac?,fr
Wie was met president Chirac getrouwd?,nl
राष्ट्रपति चिराक से किसने विवाह किया था?,hi_IN
Cine a fost căsătorit cu președintele Chirac?,ro
What did Bruce Carver die from?,en
De que morreu Bruce Carver?,pt_BR
Woran ist Bruce Carver gestorben?,de
¿De qué murió Bruce Carver?,es
Di cosa è morto Bruce Carver?,it
Quel est la cause de décès de Bruce Carver?,fr
Waaraan overleed Bruce Carver?,nl
ब्रूस कार्वर कि मृत्यु किस से हुई?,hi_IN
Who painted The Storm on the Sea of Galilee?,en
Quem pintou Tormenta no Mar da Galileia?,pt_BR
Wer malte Christus im Sturm auf dem See von Galilea?,de
¿Quién pintó el Cristo en la tormenta en el lago de Galilea?,es
Chi dipinse il Cristo nella tempesta sul mare di Galilea?,it
Qui a peint Christ dans la tempête sur la mer de Galilée?,fr
Wie schilderde Christus in de storm op het meer van Galilea?,nl
किसने गलील के सागर पर द स्टॉर्म को चित्रित किया?,hi_IN
Which cities does the Weser flow through?,en
Em quais cidades o rio Weser passa?,pt_BR
وزر از چه شهرهایی می گذرد؟,fa
Durch welche Städte fließt die Weser?,de
¿Por qué ciudades pasa el río Weser?,es
Attraverso quali città scorre il fiume Weser?,it
Quels sont les villes traversées par la Weser?,fr
Door welke steden loopt de Weser?,nl
किन शहरों से वेसर का प्रवाह होता है?,hi_IN
Ce orașe străbate Weserul?,ro
How many seats does the home stadium of FC Porto have?,en
Quantas cadeiras tem o estádio do Futebol Clube do Porto,pt_BR
ورزشگاه باشگاه پورتو چند صندلی دارد؟,fa
Wieviele Plätze hat das Heimstadium des FC Porto?,de
¿Cuántos asientos tiene el estadio del FC Porto?,es
Quanti posti a sedere ha lo stadio del FC Porto,it
Quel est le nombre de sièges dans le stade de FC Porto?,fr
Hoeveel plaatsen heeft het stadion van FC Porto?,nl
एफसी पोर्टो के घर स्टेडियम में कितनी सीटें हैं?,hi_IN
Câte locuri are stadionul lui FC Porto?,ro
Who is the daughter of Robert Kennedy married to?,en
Com quem a filha de Robert Kennedy casou-se?,pt_BR
دختر رابرت کندی با چه کسی ازدواج کرده است؟,fa
Mit wem ist die Tochter von Robert Kennedy verheiratet?,de
¿Con quién está casada la hija de Robert Kennedy?,es
Con chi è sposata la figlia di Robert Kennedy?,it
Qui est l'époux de la fille de Robert Kennedy?,fr
Met wie is de dochter van Robert Kennedy getrouwd?,nl
रॉबर्ट कैनेडी की बेटी की कौन से शादी हुइ है?,hi_IN
Cu cine este căsătorită fiica lui Robert Kennedy?,ro
Which books by Kerouac were published by Viking Press?,en
Que livros de Kerouac foram publicados pela Viking Press?,pt_BR
چه کتاب هایی اثر کرواک توسط انتشارات وایکینگ منتشر شدند؟,fa
Welche Bücher von Kerouac wurden von Viking Press verlegt?,de
¿Qué libros de Kerouac han sido publicados por Viking Press?,es
Quali libri di Kerouac furono pubblicati da Viking Press?,it
Quels lives de Kerouac ont été publiés par Viking Press?,fr
Welke boeken van Jack Kerouac werden uitgegeven door Viking Press?,nl
वाइकिंग प्रेस द्वारा कैरौक की कौन सी किताबें प्रकाशित की गई थीं?,hi_IN
Ce cărți de Kerouac a fost publicate de Viking Press?,ro
How tall is Amazon Eve?,en
Qual a altura de Amazon Eve?,pt_BR
قد آمازون ایو چقدر است؟,fa
Wie groß ist Amazon Eve?,de
¿Cómo de alta es Amazon Eve?,es
Quanto è alta Amazon Eve?,it
Quelle est la taille de Amazon Eve?,fr
Hoe lang is Amazon Eve?,nl
अमेज़ॅन ईव कितनी लंबी है?,hi_IN
Ce înălțime are Amazon Eve?,ro
Which museum exhibits The Scream by Munch?,en
Em que museu está exposto O Grito de Munch?,pt_BR
In welchem Museum ist Der Schrei von Munch ausgestellt?,de
¿En qué museo está expuesto el Grito de Munch?,es
In quale museo è esposto l'Urlo di Munch?,it
Dans quel musée est exposé Le Cri de Munch?,fr
In welk museum hangt De Schreeuw van Munch?,nl
कौन सा संग्रहालय मंच द्वारा द स्क्रीम प्रदर्शित करता है?,hi_IN
În ce muzeu este expus “Strigătul” lui Munch?,ro
Who wrote the book Les Piliers de la terre?,en
Quem escreveu o livro Os Pilares da Terra?,pt_BR
Wer schrieb das Buch Die Säulen der Erde?,de
¿Quen escribió el libro Los pilares de la Tierra?,es
Chi ha scritto il libro I pilastri della Terra?,it
Qui a écrit le livre Les Piliers de la terre?,fr
Wie schreef het boek De Pilaren van de Aarde?,nl
लेस पिलीरेस डी ला टेरे किताब को किसने लिखा है?,hi_IN
Is James Bond married?,en
James Bond é casado?,pt_BR
Ist James Bond verheiratet?,de
¿Está James Bond casado?,es
James è Bond sposato?,it
James Bond est-il marié?,fr
Is James Bond getrouwd?,nl
क्या जेम्स बांड ने शादी की है?,hi_IN
James Bond este căsătorit?,ro
Who discovered Ceres?,en
Quem descobriu Ceres?,pt_BR
سرس را چه کسی کشف کرد؟,fa
Wer entdeckte Ceres?,de
¿Quién descubrió Ceres?,es
Chi ha scoperto Cerere?,it
Qui a découvert Cérès?,fr
Wie ontdekte Ceres?,nl
सेरेस की खोज किसने की?,hi_IN
Cine l-a descoperit pe Ceres?,ro
Which river does the Brooklyn Bridge cross?,en
Que rio a Ponte do Brooklyn cruza?,pt_BR
Welchen Fluss überspannt die Brooklyn Bridge?,de
¿Por qué río cruza la Brooklyn Bridge?,es
Quale fiume attraversa il ponte di Brooklyn?,it
Quelle cours d'eau est traversé par le pont de Brooklyn?,fr
Welke rivier overspant de Brooklyn Bridge?,nl
ब्रुकलिन ब्रिज को कोनसी नदी पार करती है?,hi_IN
Who was called Frank The Tank?,en
Quem foi chamado de Frank The Tank?,pt_BR
Wer wurde Frank The Tank genannt?,de
¿Quién era llamado Frank The Tank?,es
Chi venne chiamato Frank The Tank?,it
Qui était surnommé Frank The Tank?,fr
Wie werd er Frank The Tank genoemd?,nl
कौनको फ्रैंक द टैंक कहा जाता था?,hi_IN
Cine era numit Frank The Tank?,ro
What is the largest country in the world?,en
Qual é o maior país do mundo,pt_BR
بزرگترین کشور در دنیا کدام است؟,fa
Was ist das größte Land der Welt?,de
¿Cuál es el país más grande del mundo?,es
Qual è la nazione più grande al mondo?,it
Quel est le pays le plus grand du monde?,fr
Wat is het grootse land ter wereld?,nl
दुनिया का सबसे बड़ा देश क्या है?,hi_IN
Care este cea mai mare țară din lume?,ro
Who is the mayor of Paris?,en
Quem é o prefeito de Paris?,pt_BR
شهردار پاریس کیست؟,fa
Wer ist Bürgermeister von Paris?,de
¿Quién es el alcalde de París?,es
Chi è il sindaco di Parigi?,it
Qui est le maire de Paris?,fr
Wie is de burgemeester van Parijs?,nl
पेरिस का महापौर कौन है?,hi_IN
Cine este primarul Parisului?,ro
Who is the coach of Ankara's ice hockey team?,en
Quem é o treinador da equipe de hockey no gelo de Ankara?,pt_BR
سرمربی تیم هاکی آنکارا کیست؟,fa
Wer ist der Trainer von Ankaras Eishockeymannschaft?,de
¿Quién es el entrenador del equipo de hockey sobre hielo de Ankara?,es
Chi è l'allenatore della squadra di hockey di Ankara?,it
Qui est le coach de l'équipe d'hockey sur glace d'Ankara?,fr
Wie is de coach van het ijshockey team van Ankara.,nl
अंकारा के आइस हॉकी टीम का कोच कौन है?,hi_IN
Cine este antrenorul echipei de hochei pe gheață din Ankara?,ro
Who is the mayor of the capital of French Polynesia?,en
Quem é o prefeito da capital da Polinésia Francessa?,pt_BR
Wer ist der Bürgermeister der Hauptstadt von Französisch-Polynesien?,de
¿Quien es el alcalde de la capital de la Polinesia Francesa?,es
Chi è il sindaco della capitale della Polinesia Francese?,it
Qui est le maire de la capitale de la Polynésie Francaise?,fr
Wie is de burgermeester van de hoofdstad van Frans-Polynesië?,nl
फ्रेंच पोलिनेशिया की राजधानी का महापौर कौन है?,hi_IN
Cine este primarul capitaliei Polineziei Franceze?,ro
Which awards did Douglas Hofstadter win?,en
Que prêmios Douglas Hofstadter ganhou?,pt_BR
Welche Preise hat Douglas Hofstadter gewonnen?,de
¿Qué premios ha ganado Douglas Hofstadter?,es
Quali premi ha vinto Douglas Hofstadter?,it
Quels prix ont été gagnés par Douglas Hofstadter?,fr
Welke prijzen heeft Douglas Hofstadter gewonnen?,nl
डगलस हॉफस्टैडर ने किन पुरस्कारों को जीता है?,hi_IN
Ce premii a câștigat Douglas Hofstadter?,ro
How much did the Lego Movie cost?,en
Quanto custou The Lego Movie?,pt_BR
فیلم لگو چقدر هزینه داشت؟,fa
Wieviel hat der Legofilm gekostet?,de
¿Cuánto cuesta la película de Lego?,es
Quanto è costato il Lego Movie?,it
Combien a coûté le film de Légo,fr
Hoveel heeft de Lego Movie gekost?,nl
लेगो मूवी की लागत कितनी थी?,hi_IN
Cât de mult a costat filmul Lego?,ro
Where does Piccadilly start?,en
Onde começa a Piccadilly?,pt_BR
Wo fängt Piccadilly an?,de
¿Dónde empieza Piccadilly?,es
Dove inizia Piccadilly?,it
Où commence Piccadilly?,fr
Waar begint Piccadilly?,nl
पिकाडिली कहां शुरू होती है?,hi_IN
Unde începe Piccadilly?,ro
Do Prince Harry and Prince William have the same parents?,en
O Príncipe Harry e o Príncipe William têm os mesmos pais?,pt_BR
Haben Prinz Harry und Prinz William dieselben Eltern?,de
¿Tienen el príncipe Harry y el prínciple William la misma madre?,es
Il principe Harry e il principe William hanno gli stessi genitoris?,it
Ont les princes Harry et William la même mère?,fr
Hebben prins Harry en prins William dezelfde ouders?,nl
क्या प्रिंस हैरी और प्रिंस विलियम के माता-पिता एक हैं?,hi_IN
Prințul Harry și Prințul William au aceiași părinți?,ro
Who played Agent Smith in Matrix?,en
Quem interpretou o Agente Smith em Matrix?,pt_BR
Wer hat Agent Smith in Matrix gespielt?,de
¿Quien actuó como el agente Smith en Matrix?,es
Chi interpretava l'agente Smith in Matrix?,it
Qui a joué Agent Smith dans Matrix?,fr
Wie speelde Agent Smith in Matrix?,nl
मैट्रिक्स में किसने एजेंट स्मिथ को निभाया है ?,hi_IN
Cine l-a jucat pe Agent Smith în Matrix?,ro
How many languages are spoken in Turkmenistan?,en
Quantos idiomas são falados no Turquemenistão?,pt_BR
چند زبان در ترکمنستان صحبت می شود؟],fa
Wieviele Sprachen werden in Turkmenistan gesprochen?,de
¿Cuántos idiomas se hablan en Turkmenistán?,es
Quante lingue sono parlate in Turkmenistan?,it
Combien de langues sont parlées au Turkménistan?,fr
Hoeveel talen worden er gesproken in Turkmenistan?,nl
तुर्कमेनिस्तान में कितनी भाषाएं बोली जाती हैं?,hi_IN
Câte limbi sunt vorbite în Turkmenistan?,ro
In which films did Julia Roberts as well as Richard Gere play?,en
Em que filmes Julia Roberts e Richard Gere atuaram?,pt_BR
در چه فیلم هایی جولیا رابرتس همچنین ریچارد گییر بازی کردند؟,fa
In welchen Filmen spielen sowohl Julia Roberts als auch Richard Gere mit?,de
¿En qué películas actúan Julia Roberts y Richard Gere?,es
In quali film recitano sia Julia Roberts che Richard Gere?,it
Dans quels films jouent Julia Roberts et Richard Gere?,fr
In welke films speelden zowel Julia Roberts als Richard Gere?,nl
जूलिया रॉबर्ट्स और रिचर्ड गेरे ने किस फिल्म में अभिनय किया था?,hi_IN
În ce filme joacă Julia Roberts precum și Richard Gere?,ro
In which country does the Ganges start?,en
Em que país nasce o Ganges?,pt_BR
In welchem Land entspringt der Ganges?,de
¿En qué país nace el Ganges?,es
In quale stato nasce il Gange?,it
Dans quel pays commence le Gange?,fr
In welk land ontspringt de Ganges?,nl
गंगा किस देश में शुरू होती है?,hi_IN
Din ce țară izvorăște Ganga?,ro
In which year was Rachel Stevens born?,en
Em que ano nasceu Rachel Stevens?,pt_BR
ریچل استیونز در چه سالی متولد شد؟,fa
In welchem Jahr wurde Rachel Stevens geboren?,de
¿En que año nació Rachel Stevens?,es
In quale anno è nata Rachel Stevens?,it
Quand est née Rachel Stevens?,fr
In welk jaar word Rachel Stevens geboren?,nl
रेचल स्टीवंस का जन्म किस साल हुआ था?,hi_IN
În ce an s-a născut Rachel Stevens?,ro
Is Barack Obama a democrat?,en
Barack Obama é um Democrata?,pt_BR
Ist Barack Obama ein Demokrat?,de
¿Es Barack Obama demócrata?,es
Barack Obama è un democratico?,it
Barack Obama est-il un démocrate?,fr
Is Barack Obama een democraat?,nl
क्या बराक ओबामा एक डेमोक्रेट है?,hi_IN
Barack Obama este un democrat?,ro
Where was Bach born?,en
Onde nasceu Bach?,pt_BR
Wo wurde Bach geboren?,de
¿Dónde nació Bach?,es
Dove è nato Bach?,it
Où est né Bach?,fr
Waar was Bach geboren?,nl
बाख का जन्म कहाँ हुवा था?,hi_IN
Unde s-a născut Bach?,ro
How often did Jane Fonda marry?,en
Quantas vezes Jane Fonda se casou?,pt_BR
جین فوندا چند بار ازدواج کرد؟,fa
Wie oft hat Jane Fonda geheiratet?,de
¿Cuántas veces ha estado casada Jane Fonda?,es
Quante volte si è sposata Jane Fonda?,it
Combien de fois s'est mariée Jane Fonda?,fr
Hoe vaak is Jane Fonda getrouwd?,nl
जेन फोंडा ने कितनी बार शादी की?,hi_IN
Cât de des s-a măritat Jane Fonda?,ro
Who was the first to climb Mount Everest?,en
Quem foi o primeiro a escalar o Monte Everest?,pt_BR
Wer hat als erstes den Mount Everest bestiegen?,de
¿Quién fue el primero en ascender al Monte Everest?,es
Chi è stato il primo a scalare il Monte Everest?,it
Qui est la première personne à conquerir le Mont Everest?,fr
Wie was de eerste die de Mount Everest beklom?,nl
माउंट एवरेस्ट पर चढ़ने वाला पहला कौन था?,hi_IN
Cine a fost primul om care a escaladat muntele Everest?,ro
How many people live in Poland?,en
Quantas pessoas vivem na Polônia,pt_BR
چند نفر در لهستان زندگی می کنند؟,fa
Wieviele Menschen leben in Polen?,de
¿Cuántas personas viven en Polonia?,es
Quante persone vivono in Polonia?,it
Combien de personnes vivent en Pologne?,fr
Hoeveel mensen wonen er in Polen?,nl
पोलैंड में कितने लोग रहते हैं?,hi_IN
Câți oameni locuiesc în Polonia?,ro
What is the location of the Houses of Parliament?,en
Onde fica o Palácio de Westminster?,pt_BR
مکان کاخ وستمینستر کجاست؟,fa
Wo ist der Westminster-Palast?,de
¿Donde están situadas las Casas del Parlamento?,es
Dove si trova il Palazzo di Westminster?,it
Où se trouve le palais de Westminster?,fr
Waar is de Palace of Westminster?,nl
संसद के सदनों का स्थान क्या है?,hi_IN
Care este locația Palatului Westminster?,ro
Is Christian Bale starring in Batman Begins?,en
Christian Bale atua em Batman Begins?,pt_BR
Spielt Christian Bale in Batman Begins mit?,de
¿Actúa Christian Bale en Batman Begins?,es
Christian Bale ha recitato in Batman Begins?,it
Christian Bale joue-t-il dans Batman Begins?,fr
Speelt Christian Bale in Batman Begins?,nl
क्या क्रिस्चियन बॉल बैटमैन बेगिंस में है?,hi_IN
In which country is the Limerick Lake?,en
Em que país fica o Lago Limerick?,pt_BR
In welchem Land befindet sich der Limerick Lake?,de
¿En qué país se encuentra el lago Limerick?,es
In quale stato si trova il lago Limerick?,it
Dans quel pays se trouve le lac Limerick?,fr
In welk land ligt Limerick Lake?,nl
लिमरिक झील किस देश में है?,hi_IN
What was the last movie with Alec Guinness?,en
Qual foi o último filme de Alec Guinness?,pt_BR
آخرین فیلم الک گینس چه بود؟,fa
Was war der letzte Film mit Alec Guinness?,de
¿Cuál fue la última película con Alec Guinness?,es
Qual è l'ultimo film con Alec Guinness?,it
Quel est le dernier film d'Alec Guinness?,fr
Wat was de laatste film met Alec Guinness?,nl
एलेक गिनीज की आखिरी फिल्म क्या थी?,hi_IN
Care a fost ultimul film cu Alec Guinness?,ro
What is the highest mountain in Australia?,en
Qual a montanha mais alta da Austrália?,pt_BR
Was ist der höchste Berg in Australien?,de
¿Cuál es la montaña más alta de Australia?,es
Qual è la montagna più alta d'Australia?,it
Quelle est la plus haute montagne d'Australie?,fr
Wat is de hoogste berg van Australië?,nl
ऑस्ट्रेलिया में सर्वोच्च पर्वत कोनसा है?,hi_IN
Is Frank Herbert still alive?,en
Frank Herbert ainda vive?,pt_BR
Lebt Frank Herbert noch?,de
¿Todavía vive Frank Herbert?,es
Frank Herbert è ancora vivo?,it
Frank Herbert est-il encore en vie?,fr
Leeft Frank Herbert nog?,nl
क्या फ्रैंक हरबर्ट अभी भी जीवित है?,hi_IN
Who created Family Guy?,en
Quem criou Family Guy?,pt_BR
چه کسی مرد خانواده را ساخته است؟,fa
Wer hat sich Family Guy ausgedacht?,de
¿Quién creó Family Guy?,es
Chi ha creato I Griffin?,it
Qui est le créateur de Family Guy?,fr
Wie heeft Family Guy bedacht?,nl
फॅमिली गाए कौन ने बनाया है?,hi_IN
Cine a creat Family Guy?,ro
What is the official language of Suriname?,en
Qual a língua oficial do Suriname?,pt_BR
Was ist die Amtssprache Von Surinam?,de
¿Cuál es la idioma oficial de Surinam?,es
Qual è la lingua ufficiale del Suriname?,it
Quelle est la langue officielle du Suriname?,fr
Wat is de officiële taal van Suriname?,nl
सूरीनाम की आधिकारिक भाषा क्या है?,hi_IN
Care este limba oficială din Suriname?,ro
Who wrote the song Hotel California?,en
Quem escreveu a canção Hotel California?,pt_BR
چه کسی آهنگ هتل کالیفرنیا را نوشت؟,fa
Wer hat das Lied Hotel California geschrieben?,de
¿Quién escribió la canción Hotel California?,es
Chi ha scritto la canzone Hotel California?,it
Qui a composé la chanson Hotel California?,fr
Wie schreef het lied Hotel California?,nl
गीत होटल कैलिफोर्निया कोंन ने लिखा था?,hi_IN
Cine a compus cântecul Hotel California?,ro
Give me all actors starring in movies directed by William Shatner.,en
Liste todos os atores que estrelaram em filmes dirigidos por William Shatner.,pt_BR
تمام بازیگرانی که در فیلم های کارگردانی شده توسط ویلیام شاتنر بازی کرده اند را لیست کن.,fa
"Gib mir alle Schauspieler von Filmen, in denen William Shatner Regie geführt hat.",de
Dame todos los actores de películas dirigidas por William Shatner.,es
Dammi tutti gli attori che recitano in film diretti da William Shatner.,it
Donnes-moi tous les acteurs qui ont joué dans des films réalisés par Williams Shatner.,fr
Geef alle acteurs van films waar William Shatner de regie van voerde.,nl
विलियम शेटनेर द्वारा निर्देशित फिल्मों में सभी कलाकारों की सूचि दे।,hi_IN
Dă-mi toți actorii care joacă roluri principale în filme regizate de William Shatner.,ro
What is in a chocolate chip cookie?,en
Quais são os ingredientes do biscoito de chocolate?,pt_BR
چه چیزهایی در یک کیک شکلاتی هست؟,fa
Was ist in Chocolate Chip Cookies drin?,de
¿Qué contiene una galleta de chocolate?,es
Cosa c'e' in un biscotto con gocce di cioccolato?,it
Quels sont les ingrédients d'un cookie au chocolat,fr
Wat heb je nodig voor chocolate chip cookies?,nl
चॉकलेट चिप कुकी में क्या है?,hi_IN
Ce conține un biscuit cu fulgi de ciocolată?,ro
Give me all professional skateboarders from Sweden.,en
Liste todos os skatistas profissionais da Suécia.,pt_BR
Gib mir alle Profiskateboarder aus Schweden.,de
Dame todos las skateboarders profesionales de Suecia.,es
Dammi tutti gli skateboarders professionisti di Svezia.,it
Donne-moi tous les skateboarders professionnels de Suède.,fr
Noem alle professionele skateboarders uit Zweden.,nl
मुझे स्वीडन से सभी पेशेवर स्केटबोर्डर की सूचि दो।,hi_IN
Which ingredients do I need for carrot cake?,en
Que ingredientes eu preciso para um bolo de cenoura?,pt_BR
چه مواد اولیه ای را من برای کیک هویج نیاز دارم؟,fa
Welche Zutaten brauche ich für Möhrenkuchen?,de
¿Qué ingredientes son necesarios para una tarta de zanahorias?,es
Di quali ingredienti ho bisogno per la torta di carote?,it
Quels sont les ingrédients du gateau aux carottes?,fr
Welke ingrediënten heb ik nodig voor worteltaart?,nl
गाजर केक के लिए मुझे कौन से सामग्री की आवश्यकता है?,hi_IN
De ce ingrediente am nevoie pentru tort de morcovi?,ro
Does Neymar play for Real Madrid?,en
O Neymar joga no Real Madrid?,pt_BR
آیا نیمار برای رئال مادرید بازی می کند؟,fa
Spielt Neymar für Real Madrid?,de
¿juega Neymar en el Real Madrid?,es
Neymar gioca per il Real Madrid?,it
Est-ce que Neymar joue pour Madrid?,fr
Speelt Neymar bij Real Madrid?,nl
क्या नेयमार रियल मैड्रिड के लिए खेलते हैं?,hi_IN
Neymar joacă pentru Real Madrid?,ro
Which computer scientist won an oscar?,en
Que cientista da computação ganhou um Oscar?,pt_BR
کدام دانشمند کامپیوتر اسکار برده است؟,fa
Welcher Informatiker hat einen Oscar gewonnen?,de
¿Qué ingeniero informático ganó un Oscar?,es
Quale informatico ha vinto un Oscar?,it
Quel informaticien a gagné un Oscar?,fr
Welke informaticus won een Oscar?,nl
किस कंप्यूटर वैज्ञानिक ने ऑस्कर जीता?,hi_IN
Care informatician a câștigat un Oscar?,ro
How many companies were founded in the same year as Google?,en
Quantas empresas foram fundadas no mesmo ano que o Google?,pt_BR
چه تعداد شرکت در سال یکسانی با گوگل تأسیس شدند؟,fa
Wieviele Firmen wurden im selben Jahr wie Google gegründet?,de
¿Cuántas compañías fueron fundadas en el mismo año que Google?,es
Quante società sono state fondate nello stesso anno di Google?,it
Combien de companies ont été fondées la même année que Google?,fr
Hoeveel bedrijven werden opgericht in hetzelfde jaar als Google?,nl
कितनी कंपनियां स्थापित की गईं जिस वर्ष में गूगल हुइ?,hi_IN
Câte companii au fost înființate în același an cu Google?,ro
In which UK city are the headquarters of the MI6?,en
Em que cidade da Inglaterra está a sede do MI6?,pt_BR
In welcher Stadt im Vereinigten Königreich ist das Hauptquartier des MI6?,de
¿En qué ciudad del reino unido se encuentra el cuartel genetal del MI6?,es
In quale città del Regno Unito si trova il quartier generale del MI6?,it
Dans quelle ville anglaise se trouvent les quartiers genéraux du MI6?,fr
In welke Britse stad is het hoofdkwartier van MI6 gevestigd?,nl
किस यूके शहर में एमआई-6 का मुख्यालय है?,hi_IN
În care oraș din Regatul Unit se află cartierul general al MI6?,ro
Was the Cuban Missile Crisis earlier than the Bay of Pigs Invasion?,en
A Crise dos Mísseis de Cuba ocorreu antes da Invasão da Baía dos Porcos?,pt_BR
War die Kubakrise vor der Schweinebuchtinvasion?,de
¿Fué la crisis de cuba antes de la invasión de bahía de cochinos?,es
La crisi dei missili di Cuba avvenne prima dello sbarco nella Baia dei Porci?,it
La crise des missiles de Cuba a-t-elle eu lieu avant the débarquement de la baie des Cochons?,fr
Was de Cubacrisis eerder dan de invasie in de Varkensbaai?,nl
क्या क्यूबाई मिसाइल संकट बे ऑफ़ पिग्स आक्रमण के पहले हुआ था?,hi_IN
What does IYCM stand for?,en
Qual o significado de IYCM?,pt_BR
Wofür steht IYCM?,de
¿Qué abrevia IYCM?,es
Che cosa significa IYCM?,it
Que veut dire IYCM?,fr
Waarvoor staat de afkorting IYCM?,nl
आईसीवायएम् का पूर्ण प्रपत्र क्या है?,hi_IN
Ce înseamnă IYCM?,ro
When did the Ming dynasty dissolve?,en
Quando a Dinastia Ming acabou?,pt_BR
Wann endete die Ming-Dynastie?,de
¿Cuándo se disolvió la dinastía de Ming?,es
Quando è scomparsa la dinastia Ming?,it
Quand la dynastie Ming s'est-elle dissoute?,fr
Wanneer werd de Ming-dynastie beëindigd?,nl
मिंग राजवंश को कब भंग किया?,hi_IN
Când a dispărut dinastia Ming?,ro
List all episodes of the first season of the HBO television series The Sopranos!,en
Liste todos os episódios da primeira temporada do seriado Família Soprano da HBO.,pt_BR
Liste alle Episoden der ersten Staffel der HBO-Fernsehserie Die Sopranos auf.,de
Dame todos los episodios de la prímera época de la serie de HBO Los Sporanos.,es
Elenca tutti gli episodi della prima stagione della serie televisiva di HBO i Sopranos!,it
Donnes-moi tous les épisodes de la première saison de la série télévisée de HBO les Sopranos.,fr
Noem alle afleveringen van het eerste seizoen van de HBO-serie The Sopranos.,nl
एचबीओ टेलीविजन श्रृंखला द सोप्रानोस! के पहले सीज़न के सभी एपिसोड की सूची बनाएं ।,hi_IN
"What is the total population of Melbourne, Florida?",en
"Qual é a população total de Melbourne, Florida?",pt_BR
"Was ist die Gesamteinwohnerzahl von Melbourne, Florida?",de
"¿Cuál es la población total de Melbourne, Florida?",es
"Qual è la popolazione totale di Melbourne, Florida?",it
"Quelle est la population totale de Melbourne, Floride?",fr
"Wat is de bevolking van Melbourne, Florida?",nl
"मेलबोर्न, फ्लोरिडा की कुल आबादी क्या है?",hi_IN
"Care este populația totală a Melbourne, Florida?",ro
Did Arnold Schwarzenegger attend a university?,en
Arnold Schwarzenegger frequentou uma universidade?,pt_BR
Hat Arnold Schwarzenegger eine Universität besucht?,de
¿Fue Arnold Schwarzenegger a la universidad?,es
Arnold Schwarzenegger ha frequentato l'Università?,it
Est-ce que Arnold Schwarzenegger a étudié à une université?,fr
Had Arnold Schwarzenegger aan een universiteit gestudeerd?,nl
क्या अर्नोल्ड श्वार्ज़नेगर विश्वविद्यालय गए थे?,hi_IN
Arnold Schwarzenegger a frecventat o universitate?,ro
What country is Mount Everest in?,en
Em que país está o Monte Everest?,pt_BR
In welchem Land ist der Mount Everest?,de
¿En que país esta el monte Everest?,es
In quale stato si trova il Monte Everest?,it
Dans quel pays se trouve le mont Everest?,fr
In welke land is de Mount Everest?,nl
कोनसे देश में माउंट एवरेस्ट है?,hi_IN
În ce țară se află muntele Everest?,ro
What is the largest city in Australia?,en
Qual é a maior cidade da Austrália?,pt_BR
Was ist die größte Stadt in Australien?,de
¿Cuál es la cuidad más grande de Australia?,es
Qual è la città più grande d'Australia?,it
Quelle est la plus grande ville d'Australie?,fr
Wat is de grootste stad van Australië?,nl
ऑस्ट्रेलिया में सबसे बड़ा शहर क्या है?,hi_IN
Give me all launch pads operated by NASA.,en
Ache todas as plataformas de lançamento espaciais operadas pela NASA.,pt_BR
Gib mir alle von der NASA betriebenen Startrampen.,de
Dame todas las plataformas de lanzamiento operadas por la NASA.,es
Dammi tutte le rampe di lancio gestite dalla NASA.,it
Donnes-moi toutes les rampes de lancements des Etats-unis.,fr
Noem alle lanceerplatformen van de NASA.,nl
मुझे नासा द्वारा संचालित सभी लॉन्च पैड की सूचि दें।,hi_IN
Dă-mi toate rampele de lansare operate de către NASA.,ro
Who is the mayor of Tel Aviv?,en
Quem é o prefeito de Tel Aviv?,pt_BR
Wer ist der Bürgermeister von Tel Aviv?,de
¿Quién es el alcalde de Tel Aviv?,es
Chi è il sindaco di Tel Aviv?,it
Qui est le maire de Tel Aviv?,fr
Wie is de burgemeester van Tel Aviv?,nl
तेल अवीव के महापौर कौन हैं?,hi_IN
Cien este primarul din Tel Aviv?,ro
List all episodes of the first season of the HBO television series The Sopranos.,en
Liste todos os episódios da primeira temporada do seriado Família Soprano da HBO.,pt_BR
Liste alle Episoden der ersten Staffel der HBO-Fernsehserie Die Sopranos auf.,de
Dame todos los episodios de la prímera época de la serie de HBO Los Sporanos.,es
Elenca tutti gli episodi della prima stagione della serie televisiva di HBO i Sopranos.,it
Donnes-moi tous les épisodes de la première saison de la série télévisée de HBO les Sopranos.,fr
Noem alle afleveringen van het eerste seizoen van de HBO-serie The Sopranos.,nl
एचओओ टेलीविजन श्रृंखला द सोप्रानोस के पहले सीज़न के सभी एपिसोड की सूची बनाएं। ',hi_IN
Listează toate episodele din primul sezon al serialului HBO de televiziune The Sopranos,ro
Who created Batman?,en
Quem criou Batman?,pt_BR
چه کسی بتمن را ساخت؟,fa
Wer hat Batman erfunden?,de
¿Quién creó Batman?,es
Chi ha creato Batman?,it
Qui a créé la bande dessinée Captain America?,fr
Door wie werd Batman bedacht?,nl
किसने बैटमैन बनाया?,hi_IN
Cine a creat Batman?,ro
Who played Gus Fring in Breaking Bad?,en
Quem interpretou Gus Fring em Breaking Bad?,pt_BR
چه کسی گوستاوو فرینگ را در بریکینگ بد بازی کرد؟,fa
Wer hat Gus Fring in Breaking Bad gespielt?,de
¿Quién interpreto a Gus Fring en Breaking Bad?,es
Chi ha interpretato Gustavo Fring in Breaking Bad - Reazioni collaterali?,it
Qui joua Gus Fring dans Breaking Bad?,fr
Wie speelt Gus Fring in Breaking Bad?,nl
किसने गस फ्रिंग को ब्रेकिंग बैड में निभाया है ?,hi_IN
Cine l-a jucat pe Gus Fring în Breaking Bad?,ro
In which programming language is GIMP written?,en
Em que linguagem de programação foi escrito o GIMP?,pt_BR
In welcher Programmiersprache wurde GIMP geschrieben?,de
¿En qué lenguaje de programación esta programado GIMP?,es
In quale linguaggio di programmazione è scritto GIMP?,it
En quel langage de programmation a été écrit GIMP?,fr
In welke programmeertaal is GIMP geschreven?,nl
जीआईएमपी किस प्रोग्रामिंग भाषा में लिखी गई है?,hi_IN
In which ancient empire could you pay with cocoa beans?,en
Em que império antigo você poderia pagar com grãos de cacau?,pt_BR
در کدام امپراتوری باستانی می توان با دانه های کاکائو داد و ستد کرد؟,fa
In welchem alten Reich konnte man mit Kakaobohnen bezahlen?,de
En que imperio antiguo pagaría con granos de cacao?,es
In quale antico impero era possibile pagare con le fave di cacao?,it
Dans quel empire ancien payait-on avec des fèves de cacao?,fr
In welke oude imperium kon je met cacaobonen betalen?,nl
किस प्राचीन साम्राज्य में आप कोको बीन से भुगतान कर सकते हैं?,hi_IN
În ce imperiu antic puteai plăti cu boabe de cacao?,ro
Who is the editor of Forbes?,en
Quem é o editor da Forbes?,pt_BR
Wer ist der Herausgeber von Forbes?,de
¿Quién es el editor de Forbes?,es
Chi è l'editore di Forbes?,it
Qui est le rédacteur en chef de Forbes?,fr
Wie is de uitgever van Forbes.,nl
फोर्ब्स के संपादक कौन है?,hi_IN
Cine este editorul Forbes?,ro
How many people live in the capital of Australia?,en
Quantos habitantes tem a capital da Austrália?,pt_BR
Wieviele Menschen leben in der Hauptstadt Australiens?,de
¿Cuánta gente vive en la capital de Australia?,es
Quante persone vivono nella capitale dell'Australia?,it
Quel est le nombre d'habitants de la capitale de l'Australie?,fr
Hoeveel mensen wonen er in de hoofdstad van Australië?,nl
कितने लोग ऑस्ट्रेलिया की राजधानी में रहते हैं?,hi_IN
Câți oameni locuiesc in capitala Australiei?,ro
Which professional surfers were born in Australia?,en
Quais surfistas profissionais nasceram na Austrália?,pt_BR
Welche Profisurfer wurden in Australien geboren?,de
¿Qué surfistas profesionales nacieron en Australia?,es
Quali surfisti professionisti sono nati in Australia?,it
Quels surfeurs professionels sont nés en Australie?,fr
Welke professionele surfers werden geboren in Australië?,nl
कौन से पेशेवर सर्फरस ऑस्ट्रेलिया में पैदा हुए थे?,hi_IN
Ce surferi profesioniști s-au născut în Australia?,ro
Which electronics companies were founded in Beijing?,en
Que companhias de eletrônica foram fundadas em Beijing?,pt_BR
چه شرکت های الکترونیکی در پکن تأسیس شدند؟,fa
Welche Elektronikunternehmen wurden in Peking gegründet?,de
¿Qué compañías de electrónica fueron fundadas en Pekín?,es
Quali società di elettronica sono state fondate a Pechino?,it
Quelles sont les companies d'électronique fondées à Beijing?,fr
Welke elektronica bedrijven zijn opgericht in Peking?,nl
बीजिंग में कौन से इलेक्ट्रॉनिक्स कंपनियां स्थापित की गई थीं?,hi_IN
Care companii de electronice au fost fondate în Beijing?,ro
Give me all video games published by Mean Hamster Software.,en
Mostre todos os jogos da Mean Hamster Software.,pt_BR
Gib mir alle Videospiele von Mean Hamster Software.,de
Dame todos los videojuegos de Mean Hamster Software.,es
Dammi tutti i videogiochi di Mean Hamster Software.,it
Donnes-moi tous les jeux vidéos publiés par Mean Hamster Software.,fr
Geef me alle videogames van Mean Hamster Software.,nl
मीन हम्सटर सॉफ्टवेयर द्वारा प्रकाशित सभी वीडियो गेम की सूचि दें। ',hi_IN
Dă-mi toate jocurile video publicate de Mean Hamster Software,ro
How many Aldi stores are there?,en
Quantas lojas Aldi existem?,pt_BR
چه تعداد فروشگاه آلدی وجود دارد؟,fa
Wieviele Aldi-Filialen gibt es?,de
¿Cuántas tiendas Aldi hay?,es
Quanti negozi Aldi ci sono?,it
Combien de magasins Aldi sont là?,fr
Hoeveel Aldi winkels zijn er?,nl
आलड़ी के कितने स्टोर हैं?,hi_IN
Câte magazine Aldi există?,ro
What is the capital of Cameroon?,en
Qual a capital de Camarões?,pt_BR
پایتخت کامرون کجاست؟,fa
Was ist die Hauptstadt von Kamerun?,de
¿Cuál es la capital de Camerún?,es
Qual è la capitale del Cameroon,it
Quelle est la capitale du Cameroun?,fr
Wat is de hoofdstad van Kameroen?,nl
कैमरून की राजधानी क्या है?,hi_IN
Care este capitala Camerunului?,ro
Is there a video game called Battle Chess?,en
Há algum jogo eletrônico chamado Battle Chess?,pt_BR
"Gibt es ein Videospiel, das Battle Chess heißt?",de
¿Hay algún videojuego que se llame Battle Chess?,es
Esiste un videogioco che si chiama Battle Chess?,it
Existe-t-il un jeu vidéo appelé Battle Chess?,fr
Bestaat er een videospel met de naam Battle Chess?,nl
क्या बैटल चैस नामक वीडियो गेम है?,hi_IN
Was the wife of president Lincoln called Mary?,en
A esposa do Presidente Lincoln chamava-se Mary?,pt_BR
Hieß die Frau von Präsident Lincoln Mary?,de
¿La mujer del presidente Lincoln se llama Mary?,es
La moglie del presidente Lincoln si chiamava Mary?,it
Est-ce que l'épouse du président Lincoln s'appelait Mary?,fr
Heette de echtgenote van president Lincoln Mary?,nl
क्या राष्ट्रपति लिंकन की पत्नी का नाम मैरी था?,hi_IN
Este soția președintelui Lincoln numită Mary?,ro
Give me all movies directed by Francis Ford Coppola.,en
Encontre todos os filmes dirigidos por Francis Ford Coppola.,pt_BR
تمام فیلم های کارگردانی شده توسط فرانسیس فورد کوپولا را لیست کن.,fa
"Gib mir alle Filme, bei denen Francis Ford Coppola Regie geführt hat.",de
Dame todas las películas que haya dirigido Francis Ford Coppola.,es
Dammi tutti i film diretti da Francis Ford Coppola.,it
Donnes-moi tous les films dont Francis réalisés par Francis Ford Coppola.,fr
Geef alle films die werden geregisseerd door Francis Ford Coppola.,nl
मुझे फ्रांसिस फोर्ड कोपोला द्वारा निर्देशित सभी फिल्मों की सूचि दे ।,hi_IN
Dă-mi toate filmele regizate de Francis Ford Coppola.,ro
Which of Tim Burton's films had the highest budget?,en
Qual filme de Tim Burton teve o maior orçamento?,pt_BR
Welcher von Tim Burtons Filmen hatte das höchste Budget?,de
¿Cuál es la película de Tim Burton con el mayor presupuesto?,es
Quali film di Tim Burton hanno avuto il budget più alto?,it
Quel film de Tim Burton a le budget le plus haut?,fr
Welke van Tim Burton's films had het hoogste budget?,nl
टिम बर्टन की फिल्मों में से कौन सी का सबसे ज्यादा बजट था?,hi_IN
Care dintre filmele lui Tom Burton a avut cel mai mare buget?,ro
Does Breaking Bad have more episodes than Game of Thrones?,en
Breaking Bad tem mais episódios do que Game of Thrones?,pt_BR
Hat Breaking Bad mehr Episoden als Game of Thrones?,de
¿Tiene Breaking Bad más episodios que Game of Thrones?,es
Breaking Bad ha più episodi di Game of Thrones?,it
A Breaking Bad plus d'épisodes que Game of Thrones?,fr
Heeft Breaking Bad meer afleveringen dan Game of Thrones?,nl
ब्रेकिंग बैड में गेम ऑफ़ थ्रोन्स की तुलना में अधिक एपिसोड हैं?,hi_IN
Are Breaking Bad mai multe episoade decât Game of Thrones?,ro
Who was called Rodzilla?,en
Quem era chamado de Rodzilla?,pt_BR
Wer wurde Rodzilla genannt?,de
¿Quien se llamaba Rodzilla?,es
Chi era chiamato Rodzilla?,it
Qui était appelé Rodzilla?,fr
Wie werd Rodzilla genoemd?,nl
किसको रॉडज़िला कहा जाता था?,hi_IN
Cine a fost numit Rodzilla?,ro
Was Natalie Portman born in the United States?,en
Natalie Portman nasceu nos Estados Unidos?,pt_BR
Wurde Natalie Portman in den Vereinigten Staaten geboren?,de
¿Nació Natalie Portman en los estados unidos de américa?,es
"Natalie Portman, nata, Stati Uniti d'America",it
Natalie Portman est-elle née aux Etats-Unis?,fr
Werd Natalie Portman geboren in de Verenigde Staten?,nl
क्या नेटली पोर्टमैन संयुक्त राज्य में पैदा हुइ थी ?,hi_IN
Give me the grandchildren of Elvis Presley.,en
Mostre os netos de Elvis Presley.,pt_BR
نوه های الویس پرسلی را لیست کن.,fa
Gib mir die Enkel von Elvis Presley.,de
Dame todos los nietos de Elvis Presley.,es
Dammi i nipoti di Elvis Presley.,it
Donne-moi tous les petit-enfants de Elvis Presley.,fr
Toon alle kleinkinderen van Elvis Presley.,nl
मुझे एल्विस प्रेस्ली के पोतों के नाम दे। ,hi_IN
Dă-mi nepoții lui Elvis Presley.,ro
Which movies starring Mickey Rourke were directed by Guy Ritchie?,en
Quais filmes protagonizados por Mickey Rourke foram dirigidos por Guy Ritchie?,pt_BR
چه فیلم هایی با بازی میکی رورک توسط گای ریچی کارگردانی شدند؟,fa
"Bei welchen Filmen, in denen Mickey Rourke mitspielt, hat Guy Ritchie Regie geführt?",de
¿Que peliculas protagonizadas por Mickey Rourke han sido dirigidas por Guy Ritchie?,es
Quali film in cui recita Mickey Rourke sono stati diretti da Guy Ritchie?,it
Quels films avec Mickey Rourke furent dirigés par Guy Richtie?,fr
Welke films met Mickey Rourke werden geregisseerd door Guy Ritchie?,nl
मिकी रोर्के अभिनीत कौन सी फिल्में गाए रिची द्वारा निर्देशित थीं?,hi_IN
Ce filme cu Mickey Rourke ca protagonist au fost regizate de Guy Ritchie?,ro
When did Dracula's creator die?,en
Quando morreu o criador de Drácula?,pt_BR
چه زمانی خالق دراکولا فوت کرد؟,fa
Wann ist Draculas Schöpfer gestorben?,de
¿Cuando murió el creador de Drácula?,es
Quando è morto il creatore di Dracula?,it
Quand est mort le créateur de Dracula?,fr
Wanneer stierf de bedenker van Dracula?,nl
ड्रेकुला के निर्माता का निधन कब हुआ?,hi_IN
Când a murit creatorul Dracula?,ro
Which country does the creator of Miffy come from?,en
De que país vem o criador de Miffy?,pt_BR
Aus welchem Land kommt der Erfinder von Nijntje?,de
¿De qué país viene el creador de Nijntje?,es
Da quale stato proviene il creatore di Miffy?,it
De quel pays vient le créateur de Miffy?,fr
Uit welk land komt de bedenker van Nijntje?,nl
मिफ्फी के निर्माता किस देश से आते है?,hi_IN
What is Batman's real name?,en
Qual é o nome verdadeiro do Batman?,pt_BR
نام واقعی بتمن چیست؟,fa
Was ist Batmans richtiger Name?,de
¿Cuál es el verdadero nombre de Batman?,es
Qual è il vero nome di Batman?,it
Quel est le vrai nom de Batman?,fr
Wat is de echte naam van Batman?,nl
बैटमैन का असली नाम क्या है?,hi_IN
Care este numele real al lui Batman?,ro
What form of government does Russia have?,en
Que forma de governo a Rússia possui?,pt_BR
روسیه چه نوع حکومتی دارد؟,fa
Welche Regierungsform hat Russland?,de
¿Qué forma de gobierno tiene Rusia?,es
Quale forma di governo ha la Russia?,it
Quelle est la forme de gouvernement de la Russie?,fr
Welke regeringsvorm heeft Rusland?,nl
रूस की सरकार किस प्रकार की है?,hi_IN
Ce formă de guvern are Rusia?,ro
How many companies were founded by the founder of Facebook?,en
Quantas companhias foram fundadas pelo fundador do Facebook?,pt_BR
چه تعداد شرکت توسط مؤسس فیسبوک تأسیس شدند؟,fa
Wieviele Firmen hat der Gründer von Facebook gegründet?,de
¿Cuantas compañías han sido fundadas por el fundador de Facebook?,es
Quante società sono state fondate dal fondatore di Facebook?,it
Combien de companies ont été fondées par le fondateur de Facebook?,fr
Hoeveel bedrijven werden opgericht door de oprichter van Facebook?,nl
फेसबुक के संस्थापक द्वारा कितनी कंपनियों की स्थापना की गई थी?,hi_IN
Câte companii au fost înființate de fondatorul Facebook?,ro
Give me all Canadian Grunge record labels.,en
Liste todas as gravadoras canadenses de música Grunge.,pt_BR
Gib mir alle kanadischen Grunge-Plattenfirmen.,de
Dame todos las empresas canadienses productoras de música Grunge.,es
Dammi tutti i produttori canadesi di musica Grunge.,it
Donnes-moi tous les labels discographiques canadiens de grunge.,fr
Noem alle Canadese grunge-platenlabels.,nl
मुझे सभी कैनेडियन ग्रांज रिकॉर्ड लेबल की सूचि दें।,hi_IN
How many children did Benjamin Franklin have?,en
Quantos filhos Benjamim Franklin teve?,pt_BR
بنجامین فرانکلین چند فرزند دارد؟,fa
Wieviele Kinder hatte Benjamin Franklin?,de
¿Cuántos hijos tuvo Benjamin Franklin?,es
Quanti figli ebbe Benjamin Franklin?,it
Combien d'enfants Benjamin Franklin avait-il?,fr
Hoeveel kinderen had Benjamin Franklin?,nl
बेंजामिन फ्रैंकलिन के कितने बच्चे हैं?,hi_IN
Câți copii a avut Benjamin Franklin?,ro
List the children of Margaret Thatcher.,en
Liste os filhos de Margaret Thatcher.,pt_BR
Liste die Kinder von Margaret Thatcher auf.,de
Dame una lista de los hijos de Margaret Thatcher.,es
Elenca i figli di Margaret Thatcher.,it
Donnes-moi tous les enfants de Margaret Thatcher.,fr
Noem alle kinderen van Margaret Thatcher.,nl
मार्गरेट थैचर के बच्चों की सूची बनाएं।,hi_IN
From which region is the Melon de Bourgogne?,en
De que região é o Melon de Bourgogne?,pt_BR
Aus welcher Region ist der Melon de Bourgogne?,de
¿De que región es el vino Melon de Bourgogne?,es
Da quale regione proviene il Melon de Bourgogne?,it
De quelle région vient le Melon de Bourgogne?,fr
Vanuit welke regio is de Melon de Bourgogne?,nl
मेलन डी बर्गोगोन किस क्षेत्र से है?,hi_IN
Din ce regiune provine Melon-ul de Bourgogne?,ro
Who is the oldest child of Meryl Streep?,en
Qual é o filho mais velho de Meryl Streep?,pt_BR
Wer ist das älteste Kind von Meryl Streep?,de
¿Cuál es el hijo mas mayor de Meryl Streep?,es
Chi è il figlio maggiore di Meryl Streep?,it
Qui est l'enfant le plus agé de Merly Streep?,fr
Wie is het oudste kind van Meryl Streep?,nl
मेरिल स्ट्रीप का सबसे पहला बच्चा कौन है?,hi_IN
Cine este copilul cel mai mare al lui Meryl Streep?,ro
Are tree frogs a type of amphibian?,en
As rãs arborícolas são um tipo de anfíbio?,pt_BR
Sind Laubfrösche Amphibien?,de
¿Son las ranas verdes un tipo de anfibio?,es
Le rane verdi sono un tipo di anfibio?,it
Sont les grenouilles arboricoles un type d'amphibiens?,fr
Zijn boomkikkers een soort amfibie?,nl
क्या वृक्ष के मेंढक एक प्रकार की उभयचर हैं?,hi_IN
Sunt broaștele de copac un tip de amfibieni?,ro
Is Christian Bale starring in Velvet Goldmine?,en
Christian Bale atua em Velvet Goldmine?,pt_BR
Spielt Christian Bale in Velvet Goldmine mit?,de
¿Actúa Christian Bale en Velvet Goldmine?,es
Christian Bale ha recitato in Velvet Goldmine?,it
Christian Bale joue-t-il dans Velvet Goldmine?,fr
Speelt Christian Bale in Velvet Goldmine?,nl
क्या वेलवेट गोल्डमाइन में अभिनीता क्रिस्चियन बेल है?,hi_IN
Joacă Christian Bale un rol principal în Velvet Goldmine?,ro
List all games by GMT.,en
Liste todos os jogos da GMT.,pt_BR
Liste alle Spiele von GMT auf.,de
Dame todos los juegos de GMT.,es
Elenca tutti i giochi di GMT.,it
Donne-moi tous les jeux de GMT.,fr
Noem alle spelen van GMT.,nl
जीएमटी द्वारा सभी खेलों की सूची बनाएं।,hi_IN
Does the Isar flow into a lake?,en
O Isar desemboca em um lago?,pt_BR
Fließt die Isar in einen See?,de
¿Desemboca el Isar en un lago?,es
L'Isar sfocia in un lago?,it
L'Isar se déverse-t-il dans un lac?,fr
Mondt de Isar uit in een meer?,nl
क्या ईसार एक झील में प्रवाहित होती है?,hi_IN
Isarul se varsă într-un lac?,ro
Which airports does Yeti Airlines serve?,en
Que aeroportos a Yeti Airlines serve?,pt_BR
یتی ایرلاینرز در چه فرودگاه هایی فعالیت می کند؟,fa
Welche Flughäfen fliegt Yeti Airlines an?,de
¿Qué aeropuertos sirve Yeti Airlines?,es
Quali aeroporti sono serviti da Yeti Airlines?,it
Quels sont les aéroports servis par Yeti Airlines?,fr
Naar welke luchthavens vliegt Yeti Airlines?,nl
यति एयरलाइंस किस हवाई अड्डे की सेवा करती है?,hi_IN
Ce aeroporturi deservește Yeti Airlines?,ro
Which Indian company has the most employees?,en
Que empresa indiana tem o maior número de empregados?,pt_BR
کدام شرکت هندی بیشترین تعداد کارمند را دارد؟,fa
Welches indische Unternehmen hat die meisten Angestellten?,de
¿Qué empresa de la India tiene el mayor número de empleados?,es
Quale società indiana ha il maggior numero di dipendenti?,it
Quelle companie indienne a le plus d'employés?,fr
Welke Indiase bedrijf heeft de meeste werknemers?,nl
किस भारतीय कंपनी में सबसे अधिक कर्मचारी हैं?,hi_IN
Ce companie indiană are cei mai mulți angajați?,ro
What color expresses loyalty?,en
Que cor expressa a lealdade?,pt_BR
چه رنگی وفاداری را بیان می کند؟,fa
Welche Farbe steht für Loyalität?,de
¿Qué color expresa lealtad?,es
Quale colore esprime lealtà?,it
Quelle couleur exprime la loyalité?,fr
Welke kleur staat voor loyaliteit?,nl
कोनसा रंग वफादारी व्यक्त करता है?,hi_IN
Ce culoare exprimă loialitate?,ro
Which city has the most inhabitants?,en
Qual a cidade com maior população?,pt_BR
Welche Stadt hat die meisten Einwohner?,de
¿Que ciudad tiene la mayor población?,es
Quale città ha il maggior numero di abitanti?,it
Quel ville a le plus grand nombre d'habitants?,fr
Welke stad heeft de meeste inwoners?,nl
कौन से शहर में सबसे अधिक निवासी है?,hi_IN
Care oraș are cei mai mulți locuitori?,ro
Who created Wikipedia?,en
Quem criou a Wikipedia?,pt_BR
Wer hat Wikipedia gegründet?,de
¿Quién creó Wikipedia?,es
Chi ha creato Wikipedia?,it
Qui est le créateur de Wikipedia?,fr
Wie heeft Wikipedia opgericht?,nl
विकिपीडिया किसने बनाया?,hi_IN
Is Rita Wilson the wife of Tom Hanks?,en
Rita Wilson é a esposa de Tom Hanks?,pt_BR
Ist Rita Wilson die Frau von Tom Hanks?,de
¿Es Rita Wilson la esposa de Tom Hanks?,es
Rita Wilson è la moglie di Tom Hanks?,it
Rita Wilson est-elle l'épouse de Tom Hanks?,fr
Is Rita Wilson de vrouw van Tom Hanks?,nl
क्या रीटा विल्सन टॉम हैंक्स की पत्नी है?,hi_IN
Este Rita Wilson soția lui Tom Hanks?,ro
Is the wife of president Obama called Michelle?,en
A esposa do presidente Obama chama-se Michelle?,pt_BR
Heißt die Frau von Präsident Obama Michelle?,de
¿La mujer del presidente Obama se llama Michelle?,es
La moglie del presidente Obama si chiama Michelle?,it
L'épouse du président Obama s'appelle-t-elle Michelle?,fr
Heet de echtgenote van president Barack Obama Michelle?,nl
क्या राष्ट्रपति ओबामा की पत्नी का नाम मिशेल है?,hi_IN
How many ethnic groups live in Slovenia?,en
Quantos grupos étnicos vivem na Eslovênia?,pt_BR
چند گروه نژادی در اسلوونی زندگی می کنند؟,fa
Wieviele ethnische Gruppen leben in Slovenien?,de
¿Cuántos grupos étnicos viven en Eslovenia?,es
Quanti gruppi etnici vivono in Slovenia?,it
Combien de groupes ethniques vivent en Slovénie?,fr
Hoeveel etnische groepen leven in Slovenië?,nl
कितने जातीय समूह स्लोवेनिया में रहते हैं?,hi_IN
Câte grupuri etnice trăiesc în Slovenia?,ro
Who is the president of Eritrea?,en
Quem é o presidente da Eritrea?,pt_BR
رئیس جمهور اریتره کیست؟,fa
Wer ist der Präsident von Eritrea?,de
¿Quién es el presidente de Eritrea?,es
Chi è il presidente dell'Eritrea?,it
Qui est le président de l'Érytrée?,fr
Wie is de president van Eritrea?,nl
इरीट्रिया के राष्ट्रपति कौन है?,hi_IN
Cine este președintele Eritreei?,ro
Which films did Stanley Kubrick direct?,en
Que filmes Stanley Kubrick dirigiu?,pt_BR
چه فیلم هایی را استنلی کوبریک کارگردانی کرده است؟,fa
Bei wievielen Filmen hat Stanley Kubrick Regie geführt?,de
¿Qué películas dirigio Stanley Kubrick?,es
Quanti film ha diretto Stanley Kubrick?,it
Quels films ont été dirigés par Stanley Kubrick?,fr
Hoveel films heeft Stanley Kubrick geregisseerd?,nl
स्टैनले कुब्री ने कौन सी फिल्मे निर्देशित की हैं ?,hi_IN
Ce filme a regizat Stanley Kubrick?,ro
When was the Titanic completed?,en
Quando o Titanic foi completado?,pt_BR
Wann wurde die Titanic fertiggestellt?,de
¿Cuando se completo el Titanic?,es
Quando è stato completato il Titanic?,it
Quand a été terminé le Titanic?,fr
Wanneer was de Titanic afgewerkt?,nl
टाइटैनिक कब पूरा हुआ?,hi_IN
Când a fost terminat Titanicul?,ro
How many pages does War and Peace have?,en
Quantas páginas tem Guerra e Paz?,pt_BR
Wieviele Seiten hat Krieg und Frieden?,de
¿Cuántas páginas tiene Guerra y Paz?,es
Quante pagine ha Guerra e Pace?,it
Combien de pages a Guerre et Paix?,fr
Hoeveel pagina's heeft Oorlog en vrede?,nl
वॉर एंड पीस में कितने पृष्ठ हैं?,hi_IN
Câte pagini are Război și Pace?,ro
Who is the youngest player in the Premier League?,en
Quem é o jogador mais jovem da Premier League?,pt_BR
Wer ist der jüngste Spieler in der Premier League?,de
¿Quién es el jugador más jóven de la Premier League?,es
Chi è il giocatore più giovane della Premier League?,it
Quel est le joueur le plus jeune de la Premier League?,fr
Wie is de jongste speler in de Premier League?,nl
प्रीमियर लीग में सबसे कम उम्र के खिलाड़ी कौन हैं?,hi_IN
Cine este cel mai tânăr jucător din Premier League?,ro
What is the highest mountain in Italy?,en
Qual a montanha mais alta da Itália?,pt_BR
Was ist der höchste Berg in Italien?,de
¿Cuál es la montaña mas alta en Italia?,es
Qual è la montagna più alta in Italia?,it
Quelle est la plus haute montagne d'Italie?,fr
Wat is de hoogste berg in Italië?,nl
इटली में सर्वोच्च पर्वत कोनसा है?,hi_IN
Care este cel mai înalt munte din Italia?,ro
How tall is Claudia Schiffer?,en
Qual a altura de Claudia Schiffer?,pt_BR
Wie groß ist Claudia Schiffer?,de
¿Cómo de alta es Claudia Schiffer?,es
Quanto è alta Claudia Schiffer?,it
Quelle est la taille de Claudia Schiffer?,fr
Hoe lang is Claudia Schiffer?,nl
क्लाउडिया शिफ़ेर कितनी लंबी है?,hi_IN
Who was John F. Kennedy's vice president?,en
Quem foi o vice presidente de John F. Kennedy?,pt_BR
Wer war der Vizepräsident unter John F. Kennedy?,de
¿Quién fué el vicepresidente de John F. Kennedy?,es
Chi fu il vicepresidente di John F. Kennedy?,it
Qui était le vice-président de John F. Kennedy?,fr
Wie was de vicepresident onder John F. Kennedy?,nl
जॉन एफ कैनेडी के उपाध्यक्ष कौन थे?,hi_IN
Cine a fost vicepreședintele lui John F. Kennedy?,ro
Which subsidiary of Lufthansa serves both Dortmund and Berlin Tegel?,en
Que subsidiária da Lufthansa atende Dortmund e Berlin?,pt_BR
Welche Tochtergesellschaft von Lufthansa fliegt sowohl Dortmund als auch Berlin Tegel an?,de
¿Qué subsidiario de Lufthansa vuela en Dortmund y en Berlin?,es
Quale società sussidiaria di Lufthansa serve sia Dortmund che Berlin Tegel?,it
Quelle subsidiaire de Lufhansa vole sur Dortmund et Berlin Tegel?,fr
Welke dochteronderneming van Lufthansa bedient zowel Dortmund en Berlin Tegel?,nl
लुफ्तहांसा की कौन सी सहायक कंपनी डॉर्टमुंड और बर्लिन टेगल दोनों की सेवा करती है?,hi_IN
Care filială a Lufthansa deservește atât Dortmund cât și Berlin Tegel?,ro
Who was the successor of John F. Kennedy?,en
Quem foi o sucessor de John F. Kennedy?,pt_BR
Wer war der Nachfolger von John F. Kennedy?,de
¿Quién fué el sucesor de John F. Kennedy?,es
Chi fu il successore di John F. Kennedy?,it
Qui était le successeur de John F. Kennedy?,fr
Wie was de opvolger van John F. Kennedy?,nl
जॉन एफ कैनेडी के उत्तराधिकारी कौन थे?,hi_IN
Who composed the soundtrack for Cameron's Titanic?,en
Quem compôs a trilha sonora do Titanic de Cameron?,pt_BR
چه کسی موسیقی متن تایتانیک کامرون را نوشته است؟,fa
Wer hat den Soundtrack für Camerons Titanic geschrieben?,de
¿Quién compuso la banda sonora del Titanic de Cameron?,es
Chi ha composto la colonna sonora di Titanic di Cameron?,it
Qui a composé le soundtrack du Titanic de Cameron?,fr
Door wie is de filmmuziek van Camerons Titanic geschreven?,nl
कैमरन टाइटैनिक के लिए साउंडट्रैक किसने बनाया है?,hi_IN
Cine a compus coloana sonoră pentru Titanicul lui Cameron?,ro
Which movies did Kurosawa direct?,en
Quais filmes Kurosawa dirigiu?,pt_BR
Welche Filme hat Kurosawa gedreht?,de
¿Qué películas ha rodado Kurosawa?,es
Che film ha diretto Kurosawa?,it
Quels films ont été realisés par Kurosawa?,fr
Welke films heeft Kurosawa geregisseerd?,nl
कुरोसावा ने कौन सी फिल्मों का निर्देशन किया है ?,hi_IN
Ce filme a regizat Kurosawa?,ro
For which label did Elvis record his first album?,en
Para qual gravadora Elvis gravou seu primeiro álbum?,pt_BR
Welche Plattenfirma hat Elvis' erstes Album aufgenommen?,de
¿Qué discográfica grabó el primer album de Elvis?,es
Quale casa discografica ha inciso il primo album di Elvis?,it
Quel est le label discographe qui a publié le premier disque d'Elvis?,fr
Bij welk platenlabel verscheen het eerste album van Elvis Presley?,nl
किस लेबल के लिए एल्विस ने अपना पहला एल्बम रिकॉर्ड किया था?,hi_IN
Ce casă discografică a înregistrat primul album al lui Elvis?,ro
In which time zone is Rome?,en
Em que fuso horário está Roma?,pt_BR
رم در چه ناحیه زمانی قرار دارد؟,fa
In welcher Zeitzone liegt Rom?,de
¿En qué zona horaria esta Roma?,es
Qual è il fuso orario di Roma?,it
Quelle est la zone horaire de Rome?,fr
In welke tijdzone zit Rome?,nl
रोम किस समय क्षेत्र में है?,hi_IN
Pe ce fus orar este Roma?,ro
Give me the currency of China.,en
Qual a moeda da China?,pt_BR
Welche Währung benutzt China?,de
¿Cual es la moneda de China?,es
Dammi la valuta della Cina.,it
Doone-moi la monnaie chinoise.,fr
Wat is de munteenheid van China?,nl
मुझे चीन की मुद्रा बतायें ।,hi_IN
Care este moneda din China?,ro
Who are the developers of DBpedia?,en
Quem são os desenvolvedores do DBPedia?,pt_BR
چه کسانی توسعه دهندگان دی.بی.پدیا هستند؟,fa
Wer sind die Entwickler von DBpedia?,de
¿Quiénes son los desarrolladores de DBpedia?,es
Chi ha sviluppato DBpedia?,it
Qui sont les développeurs de DBpedia?,fr
Wie heeft DBpedia ontwikkeld?,nl
डीबीपीडिया के डेवलपर कौन हैं?,hi_IN
Cine sunt dezvoltatorii DBpedia?,ro
Does Abraham Lincoln's death place have a website?,en
O local onde Abraham Lincoln morreu tem um website?,pt_BR
Hat Abraham Lincolns Sterbeort eine Webseite?,de
¿Tiene el lugar de nacimiento de Abraham Lincol una página web?,es
Il luogo di morte di Abraham Lincoln ha un sito web?,it
A le lieu de décès d'Abraham Lincoln une page Web?,fr
Heeft de stad waarin Abraham Lincoln is overleden een website?,nl
अब्राहम लिंकन की मौत की जगह की बसाइट है?,hi_IN
Locul morții lui Abraham Lincoln are un website?,ro
Who is the king of the Netherlands?,en
Quem é o rei da Holanda?,pt_BR
پادشاه هلند کیست؟,fa
Wer ist der König der Niederlande?,de
¿Quién es el rey de los Países Bajos?,es
Chi è il re dei Paesi Bassi?,it
Qui est le roi des Pays-Bas?,fr
Wie is de koning van Nederland?,nl
नीदरलैंड का राजा कौन है?,hi_IN
Cine este regele Țărilor de Jos?,ro
In which city did Nikos Kazantzakis die?,en
Em que cidade Nikos Kazantzakis morreu?,pt_BR
نیکوس کازانتزاکیس در کدام کشور مرد؟,fa
In welcher Stadt ist Nikos Kazantzakis gestorben?,de
¿En que ciudad murió Nikos Kazantzakis?,es
In quale città è morto Nikos Kazantzakis,it
Dans quelle ville est mort Kazantsakis?,fr
In welke stad is Nikos Kazantzakis overleden?,nl
निकोस काजांटाजाकिस का किस शहर में निधन हुआ ?,hi_IN
În ce oraș a murit Nikos Kazantsakis?,ro
Who was the father of Queen Elizabeth II?,en
Quem foi o pai da Rainha Elizabeth II?,pt_BR
Wer war der Vater von Königin Elizabeth II?,de
¿Quién fue el padre de la reina Isabel II?,es
Chi fu il padre della regina Elisabetta II?,it
Qui est le père de la reine Élisabeth II?,fr
Wie was de vader van koningin Elizabeth II?,nl
महारानी एलिजाबेथ द्वितीय के पिता कौन थे?,hi_IN
Give me a list of all critically endangered birds.,en
Liste todas as aves que correm perigo de extinção.,pt_BR
لیستی از پرندگان روبه انقراض را بده.,fa
Gib mir eine Liste aller stark bedrohten Vogelarten.,de
Dame una lista de todas las aves en peligro de extinción.,es
Dammi la lista di tutti gli uccelli in via di estinzione.,it
Donnes-moi la liste des oiseaux en voie de disparition.,fr
Geef een lijst met alle ernstig bedreigde vogelsoorten.,nl
मुझे समीक्षकों से लुप्तप्राय पक्षियों की सूची बतायें ।,hi_IN
Dă-mi o listă cu toate păsările în pericol ridicat de dispariție.,ro
How many inhabitants does the largest city in Canada have?,en
Quantos habitantes tem a maior cidade do Canadá?,pt_BR
Wieviele Einwohner hat die größte Stadt in Kanada?,de
¿Cuántos habitantes tiene la ciudad más grande de Canadá?,es
Quanti abitanti ha la città più grande del Canada?,it
Combien d'habitants a large ville la plus grande du Canada?,fr
Hoeveel inwoners heeft de grootste stadt in Canada?,nl
कनाडा के सबसे बड़े शहर में कितने निवासी हैं?,hi_IN
Câți locuitori are cel mai are oraș din Canada?,ro
In which military conflicts did Lawrence of Arabia participate?,en
De quais conflitos militares Lawrence da Arábia participou?,pt_BR
An welchen militärischen Auseinandersetzungen war Lawrence von Arabien beteiligt?,de
¿En qué conflictos militares participó Lawrence de Arabia?,es
A quali conflitti militari ha partecipato Lawrence d'Arabia?,it
Dans quels conflits militaires a participé Lawrence d'Arabie?,fr
Bij welke militaire conflicten was Lawrence of Arabia betrokken?,nl
अरब के लॉरेंस ने किस सैन्य युद्ध में भाग लिया?,hi_IN
În care conflicte militare a participat Lawrence al Arabiei?,ro
Which book has the most pages?,en
Qual o livro com maior número de páginas?,pt_BR
Welches Buch hat die meisten Seiten?,de
¿Que libro tiene el mayor numero de paginas?,es
Quale libro ha il maggior numero di pagine?,it
Quel livre a le plus de pages?,fr
Welk boek heeft de meeste pagina's?,nl
कौन से पुस्तक में सबसे अधिक पृष्ठ हैं?,hi_IN
Ce carte are cele mai multe pagini?,ro
In which country does the Nile start?,en
Em que país nasce o Nilo?,pt_BR
In welchem Land entspringt der Nil?,de
¿En qué país nace el Nilo?,es
In quale stato nasce il Nilo?,it
Dans quel pays commence le Nil?,fr
In welk land ontspringt de Nijl?,nl
नाइल नदी किस देश में शुरू होती है?,hi_IN
Who is the Formula 1 race driver with the most races?,en
Quem é o piloto de Fórmula 1 com mais corridas?,pt_BR
چه کسی راننده فرمول 1 با بیشترین مسابقه است؟,fa
Wer ist der Formel-1-Fahrer mit den meisten Rennen?,de
¿Quién es el conductor de Formula 1 con más carreras?,es
Qual è il pilota di Formula 1 con più gare?,it
Quel est le pilote de Formule 1 qui a gagné le plus de courses?,fr
Wie is de Formule 1-coureur met de meeste races op zijn naam?,nl
सबसे अधिक दौड़ वाले फॉर्मूला 1 रेस ड्रायवर कौन है?,hi_IN
Cine este pilotul de curse Formula 1 cu cele mai multe curse?,ro
Which companies produce hovercrafts?,en
Que companhias produzem aerodeslizadores?,pt_BR
چه شرکت هایی هواناو تولید می کنند؟,fa
Welche Firmen stellen Hovercrafts her?,de
¿Qué compañías producen aerodeslizadores?,es
Quali società producono aeroscafi?,it
Quelles companies produisent des aéroglisseurs?,fr
Welke bedrijven produceren hovercrafts?,nl
कौन सी कंपनियां हॉवरक्राफ्ट बनाती हैं?,hi_IN
Care companii produc aeroglisoare?,ro
Did Elvis Presley have children?,en
Elvis Presley teve filhos?,pt_BR
آیا الویس پرسلی فرزند دارد؟,fa
Hatte Elvis Presley Kinder?,de
Tuvo hijos Elvis Presley?,es
Elvis Presley ha avuto dei figli?,it
Elvis Presley a-t-il eu des enfants?,fr
Had Elvis Presley kinderen?,nl
क्या एल्विस प्रेस्ली के बच्चे थे ?,hi_IN
A avut Elvis Presley copii?,ro
In which city was the president of Montenegro born?,en
Em que cidade o presidente de Montenegro nasceu?,pt_BR
رئیس جمهور مونتنگرو در کدام شهر متولد شد؟,fa
In welcher Stadt ist der Präsident von Montenegro geboren?,de
¿En que ciudad nació el presidente de Montenegro?,es
In quale città è nato il presidente del Montenegro?,it
Quelle est la ville de naissance du président du Monténégro?,fr
In welke stad is de president van Montenegro geboren?,nl
मोंटेनेग्रो के राष्ट्रपति किस शहर में पैदा हुए थे?,hi_IN
În ce oraș s-a născut președintele Muntenegrului?,ro
Which country was Bill Gates born in?,en
Em que país Bill Gates nasceu?,pt_BR
بیل گیت در کدام کشور متولد آمد؟,fa
In welchem Land ist Bill Gates geboren?,de
¿En qué país nació Bill Gates?,es
In quale stato è nato Bill Gates?,it
Quel est l'état de naissance de Bill Gates?,fr
In welke land is Bill Gates geboren?,nl
बिल गेट्स का जन्म किस देश में हुआ था?,hi_IN
În ce țară s-a născut Bill Gates?,ro
In which countries do people speak Japanese?,en
Em que país se fala japonês?,pt_BR
در چه کشورهایی مردم ژاپنی صحبت می کنند؟,fa
In welcher Ländern wird Japanisch gesprochen?,de
¿En qué países se habla japonés?,es
In quali stati si parla giapponese?,it
Dans quels pays parle-t-on japonais?,fr
In welke landen wordt Japans gesproken?,nl
किन देशों में लोग जापानी बोलते हैं?,hi_IN
În ce țari se vorbește japoneza?,ro
Show me the book that Muhammad Ali wrote.,en
Mostre me o livro que Muhammad Ali escreveu.,pt_BR
"Zeig mir das Buch, das Muhammad Ali geschrieben hat.",de
Muéstrame el libro escrito por Muhammad Ali.,es
Mostrami il libro scritto da Muhammad Ali.,it
Donne-moi le livre écrit par Muhammad Ali.,fr
Toen het boek dat Muhammad Ali heeft geschreven.,nl
मुझे किताब बताओ जो मुहम्मद अली ने लिखी थी।,hi_IN
Arată-mi cartea pe care a scris-o Muhammad Ali.,ro
Is Michelle Obama the wife of Barack Obama?,en
Michelle Obama é a esposa de Barack Obama?,pt_BR
Ist Michelle Obama die Frau von Barack Obama?,de
¿Es Michele Obama la esposa de Barack Obama?,es
Michelle Obama è la moglie di Barack Obama?,it
Michelle Obama est-elle l'épouse de Barack Obama?,fr
Is Michelle Obama de vrouw van Barack Obama?,nl
क्या बराक ओबामा की पत्नी मिशेल ओबामा हैं?,hi_IN
What is the area code of Berlin?,en
Qual é o código de área de Berlin?,pt_BR
Was ist die Vorwahl von Berlin?,de
¿Cuál es el prefijo de Berlin?,es
Qual è il prefisso di Berlino?,it
Quel est l'indicatif téléphonique de Berlin?,fr
Wat is het kengetal van Berlijn?,nl
बर्लिन का क्षेत्र कोड क्या है?,hi_IN
Give me all actors starring in Last Action Hero.,en
Liste todos os atores que atuaram em Last Action Hero.,pt_BR
"Gib mir alle Schauspieler, die in Last Action Hero mitgespielt haben.",de
Dame todos los actores que hayan actuado en Last Action Hero.,es
Dammi tutti gli attori che hanno recitato in Last Action Hero.,it
Noem alle acteurs uit de film Last Action Hero.,fr
Noem alle acteurs uit de film Last Action Hero.,nl
मुझे लास्ट एक्शन हीरो में अभिनीत सभी कलाकारों के नाम बतायें दो।,hi_IN
Dă-mi toți actorii cu roluri principale în Last Action Hero.,ro
What are the nicknames of San Francisco?,en
Quais são os apelidos de San Francisco?,pt_BR
اسم های مستعار سانفرانسیسکو چیست؟,fa
Was sind die Spitznamen von San Francisco?,de
¿Cuál es el apodo de San Francisco?,es
Quali sono i soprannomi di San Francisco?,it
Quels sont les surnoms de San Francisco?,fr
Wat zijn bijnamen van San Francisco?,nl
सैन फ्रांसिस्को के उपनाम क्या हैं?,hi_IN
Care sunt poreclele pentru San Francisco?,ro
What was the first Queen album?,en
Qual foi o primeiro álbum do Queen?,pt_BR
اولین آلبوم کوئین چه بود؟,fa
Was war das erste Queen-Album?,de
¿Cuál fue el primer álbum de Queen?,es
Qual è stato il primo album dei Queen?,it
Quel est le premier album de Queen?,fr
Wat was het eerste Queen-album?,nl
सबसे पहला क्वीन एल्बम क्या था?,hi_IN
Care a fost primul album Queen?,ro
Through which countries does the Yenisei river flow?,en
Por quais países o rio Yenisei passa?,pt_BR
Durch welche Länder fließt der Yenisei?,de
¿Por qué países fluye el río Yenisei?,es
Attraverso quali stati scorre il fiume Yenisei?,it
Quels sont les pays traversés par l'Ienisseï?,fr
Door welke landen stroomt de Jenisej?,nl
किस देश के माध्यम से यनेसी नदी का प्रवाह होता है?,hi_IN
Which television shows were created by Walt Disney?,en
Quais séries de televisão foram criadas por Walt Disney?,pt_BR
Welche Fernsehserien hat Walt Disney entworfen?,de
¿Qué series televisivas ideó Walt Disney?,es
Quali serie televisive sono state create dalla Walt Disney?,it
Quelles séries télevisées ont été créées par Walt Disney?,fr
Welke televisieseries werden bedacht door Walt Disney?,nl
वॉल्ट डिज़नी द्वारा किस टेलीविज़न शो का निर्माण किया गया था?,hi_IN
What is the bridge with the longest span?,en
Qual a ponte mais comprida?,pt_BR
Welche Brücke hat die längste Spannweite?,de
¿Qué puente tiene el mayor largo del vano?,es
Qual è il ponte con la campata più lunga?,it
Quel est le pont le plus large?,fr
Wat is de brug met de grootste spanwijdte?,nl
सबसे लंबा पुल कौन सा है?,hi_IN
Care este podul cu cea mai mare deschidere?,ro
What country is Sitecore from?,en
De que país é a Sitecore,pt_BR
سایتکور در کدام کشور تأسیس شد؟,fa
Aus welchem Land kommt Sitecore?,de
¿De qué país es Sitecore?,es
Di che nazione è Sitecore?,it
Quel est le pays d'origine de Sitecore?,fr
Uit welke land komt Sitecore?,nl
साइटकोर कौन से देश से है?,hi_IN
Din ce țară este Sitecore?,ro
Whom did Lance Bass marry?,en
Com quem Lance Bass casou-se?,pt_BR
لنس بس با چه کسی ازدواج کرده است؟,fa
Wen hat Lance Bass geheiratet?,de
¿Con quien se casó Lance Bass?,es
Chi ha sposato Lance Bass?,it
Qui est l'épouse de Lance Bass?,fr
Wie heeft Lance Baas getrouwd?,nl
लांस बास ने किससे शादी की?,hi_IN
Cu cine s-a căsătorit Lance Bass?,ro
What is the capital of Canada?,en
Qual a capital do Canadá?,pt_BR
Was ist die Hauptstadt von Kanada?,de
¿Cuál es la capital de Canadá?,es
Qual è la capitale del Canada?,it
Quelle est la capitale du Canada?,fr
Wat is de hoofdstad van Canada?,nl
कनाडा की राजधानी क्या है?,hi_IN
Who was Vincent van Gogh inspired by?,en
Em quem Vincent van Gogh inspirou-se?,pt_BR
ونسان ون گوگ از چه کسی الهام گرفته است؟,fa
Wer hat Vincent van Gogh inspiriert?,de
¿Quién inspiro a Vincent van Gogh?,es
Da chi fu inspirato Vincent van Gogh?,it
Qui a inspiré Victor van Gogh?,fr
Wie heeft van Gogh geinspireerd?,nl
विंसेंट वैन गाग किनसे प्रेरित थे ?,hi_IN
De către cine a fost Vincent van Gogh inspirat?,ro
In which city did John F. Kennedy die?,en
Em que cidade John F. Kennedy morreu?,pt_BR
In welcher Stadt ist John F. Kennedy gestorben?,de
¿En qué ciudad murió John F. Kennedy?,es
In quale città morì John F. Kennedy?,it
Dans quelle ville est mort John F. Kennedy?,fr
In welke stad kwam John F. Kennedy om het leven?,nl
किस शहर में जॉन एफ कैनेडी का निधन हुआ ?,hi_IN
Was U.S. president Jackson involved in a war?,en
O presidente Jackson dos EUA envolveu-se em uma guerra?,pt_BR
War US-Präsident Jackson in einen Krieg verwickelt?,de
¿Estuvo el el presidente de los estados unidos Jackson involucrado en una guerra?,es
Il presidente degli Stati Uniti Jackson è stato coinvolto in una guerra?,it
Le président Jackson a-t-il participé à une guerre?,fr
Was president Jackson van de Verenigde Staten betrokken bij een oorlog?,nl
क्या अमेरिका के राष्ट्रपति जैक्सन किसी युद्ध में शामिल थे?,hi_IN
Who wrote the Game of Thrones theme?,en
Quem escreveu o tema do Game of Thrones?,pt_BR
طرح بازی تاج و تخت را چه کسی نوشت؟,fa
Wer hat das Titellied für Games of Thrones geschrieben?,de
¿Quién escribió el tema del Juego de Tronos?,es
Chi ha scritto Game of Thrones?,it
Qui a écrit le thème de Game of Thrones?,fr
Wie heeft de titelmuziek van Game of Thrones gekomponeerd?,nl
गेम ऑफ़ थ्रोन्स थीम किसने लिखी हैं ?,hi_IN
Cine a scris tema din Urzeala Tronurilor?,ro
Who designed the Brooklyn Bridge?,en
Quem projetou a Ponte do Brooklin?,pt_BR
Wer hat die Brooklyn Bridge entworfen?,de
¿Quién diseñó la Brooklyn Bridge?,es
Chi ha progettato il ponte di Brooklyn?,it
Qui a conçu le pont de Brooklyn?,fr
Wie ontwierp de Brooklyn Bridge?,nl
ब्रुकलिन ब्रिज को किसने बनाया है?,hi_IN
Cine a proiectat podul din Brooklyn?,ro
When did Boris Becker end his active career?,en
Quando Boris Becker encerrou sua carreira?,pt_BR
بوریس بکر کی به فعالیت هنری اش خاتمه داد؟,fa
Wann hat Boris Becker seine aktive Karriere beendet?,de
¿Cuándo termino Boris Becker su carrera como actor?,es
Boris Becker quando ha concluso la sua carriera?,it
Quelle est la date de terminaison de la carrière de Boris Becker?,fr
Wanneer stopte Boris Becker zijn actieve loopbaan?,nl
बोरिस बेकर ने अपना सक्रिय कैरियर कब समाप्त किया?,hi_IN
Când și-a încheiat Boris Becker cariera activă?,ro
Which types of grapes grow in Oregon?,en
Que tipos de uvas crescem no Oregon?,pt_BR
چه انواعی از انگور در اورگن رشد می کند؟,fa
Welche Traubenarten wachsen in Oregon?,de
¿Que tipo de uva crece en Oregon?,es
Quali tipi di uva crescono in Oregon?,it
Quelles genres de raisin poussent en Oregon?,fr
Welke soorten druiven groeien in Oregon?,nl
ओरेगन में किस प्रकार के अंगूर उगते हैं?,hi_IN
Ce soiuri de struguri cresc în Oregon?,ro
How tall is Michael Jordan?,en
Qual a altura de Michael Jordan?,pt_BR
Wie groß ist Michael Jordan?,de
¿Qué altura tiene Michael Jordan?,es
Quanto è alto Michael Jordan?,it
Quelle est la taille de Michael Jordan?,fr
Hoe lang is Michael Jordan?,nl
माइकल जॉर्डन कितना लंबा है?,hi_IN
To which party does the mayor of Paris belong?,en
A que partido o prefeito de Paris pertence?,pt_BR
شهردار پاریس عضو چه حزبی است؟,fa
Welcher Partei gehört die Bürgermeisterin von Paris an?,de
¿A qué partido politico pertenece el alcalde de París?,es
A quale partito polito appartiene il sindaco di Parigi?,it
Quel est le parti politique du maire de Paris?,fr
Tot welke partij behoort de burgemeester van Parijs?,nl
पेरिस के महापौर किस पार्टी के हैं?,hi_IN
Cărui partid aparține primarul Parisului?,ro
Who wrote the book The Pillars of the Earth?,en
Quem escreveu o livro Os Pilares da Terra?,pt_BR
Wer schrieb das Buch Die Säulen der Erde?,de
¿Quen escribió el libro Los pilares de la Tierra?,es
Chi ha scritto il libro I pilastri della Terra?,it
Qui a écrit le livre Les Piliers de la Terre?,fr
Wie schreef het boek De Pilaren van de Aarde?,nl
किसने द पिल्लर्स ऑफ द अर्थ किताब को लिखा हैं ?,hi_IN
Cine e scris cartea Stâlpii Pământului?,ro
Who was the 16th president of the United States?,en
Quem foi o 16o presidente dos Estados Unidos?,pt_BR
Wer war der 16. Präsident der Vereinigten Staaten?,de
¿Quién fue el 16th presidente de los Estados Unidos?,es
Chi è stato il sedicesimo presidente degli Stati Uniti?,it
Qui fut le premier président des États-Unis?,fr
Wie was de 16de president van de Verenigde Staten?,nl
संयुक्त राज्य के 16 वें राष्ट्रपति कौन थे?,hi_IN
Cine a fost primul președinte al Statelor Unite?,ro
How high is the Mount Everest?,en
Qual a altura do Monte Everest?,pt_BR
Wie hoch ist der Mount Everest?,de
¿Qué alto es el Monte Everest?,es
Quanto è alto il Monte Everest?,it
Quelle est l'altitude du Mont Everest?,fr
Hoe hoog is de Mount Everest?,nl
माउंट एवरेस्ट कितना ऊँचा है?,hi_IN
Who was the doctoral supervisor of Albert Einstein?,en
Quem foi o orientador do doutorado de Albert Einstein?,pt_BR
چه کسی استاد راهنمای دکترای آلبرت اینشتین بود؟,fa
Wer war der Doktorvater von Albert Einstein?,de
¿Quien es el supervisor de doctorado de Albert Einstein?,es
Chi era il supervisore della tesi di dottorato di Albert Einstein?,it
Qui était le directeur de thèse d'Albert Einstein,fr
Wie was de promotor van Albert Einsteins doctoraatsonderzoek?,nl
अल्बर्ट आइंस्टीन के डॉक्टरेट के पर्यवेक्षक कौन थे?,hi_IN
Cine a fost conducătorul de doctorat al lui Albert Einstein?,ro
In which city does Sylvester Stallone live?,en
Em que cidade Sylvester Stallone mora?,pt_BR
سیلوستر استالونه در کدام شهر زندگی می کند؟,fa
In welcher Stadt wohnt Sylvester Stallone?,de
¿En qué ciudad vive Sylvester Stallone?,es
In quale città vive Sylvester Stallone?,it
Dans quelle ville vit Sylvester Stallone?,fr
In welke stad woont Sylvester Stallone?,nl
सिल्वेस्टर स्टेलोन किस शहर में रहते हैं?,hi_IN
În ce oraș trăiește Sylvester Stallone?,ro
What is the currency of the Czech Republic?,en
Qual a moeda da República Tcheca?,pt_BR
Was ist die Währung der Tschechischen Republik?,de
¿Cuál es la moneda de la república checa?,es
Qual è la valuta della Repubblica Ceca?,it
Quel est la devise de la Tchéquie?,fr
Wat is de munteenheid van Tsjechië?,nl
चेक गणराज्य की मुद्रा क्या है?,hi_IN
Did Socrates influence Aristotle?,en
Sócrates influenciou Aristóteles?,pt_BR
Hat Sokrates Aristoteles beeinflusst?,de
¿Tuvo Sócrates influencia sobre Aristóteles?,es
Socrate ha influenzato Aristotele?,it
Socrate a-t-il influencé Aristote?,fr
Beïnvloedde Socrates Aristoteles?,nl
क्या एरिस्टोटल सोक्रेटस से प्रभावित थे?,hi_IN
What is the time zone of Salt Lake City?,en
Qual o fuso horário de Salt Lake City?,pt_BR
In welcher Zeitzone liegt Salt Lake City?,de
¿En qué zona horaria se encuentra Salt Lake City?,es
In quale fuso orario si trova Salt Lake City?,it
Quel est le fuseau horaire de Salt Lake City?,fr
In welke tijdzone ligt Salt Lake City?,nl
साल्ट लेक सिटी का समय क्षेत्र क्या है?,hi_IN
Who is the son of Sonny and Cher?,en
Quem é o filho de Sonny e Cher?,pt_BR
پسر سونی و چر چه کسی بود؟,fa
Wer ist der Sohn von Sonny und Cher?,de
¿Quién es el hijo de Sonny y Cher?,es
Chi è il figlio di Sonny e Cher,it
Qui est le fils de Sonny et Cher?,fr
Wie is de zoon van Sonny en Cher?,nl
सोनि और चेर का बेटा कौन है?,hi_IN
Cine este fiul lui Sonny și Cher?,ro
In which city are the headquarters of the United Nations?,en
Em que cidade está a sede das Nações Unidas?,pt_BR
مقر سازمان ملل در کدام شهر قرار دارد؟,fa
In welcher Stadt ist das Hauptquartier der Vereinten Nationen?,de
¿En qué ciudad se encuentra la sede de las Naciones Unidas?,es
In quale città si trova il quartier generale delle Nazioni Unite?,it
Dans quelle ville se trouvé les quartiers généraux des Nations Unies?,fr
In welke stad bevindt zich het hoofdkwartier van de Verenigde Naties?,nl
संयुक्त राष्ट के मुख्यालय कौन सा शहर में हैं?,hi_IN
În ce oraș se află cartierul general al Națiunilor Unite?,ro
Who is the founder of Penguin Books?,en
Quem é o fundador da Penquin Books?,pt_BR
Wer hat Penguin Books gegründet?,de
¿Quien es el fundador de Penguin Books?,es
Chi è il fondatore di Penguin Books?,it
Qui est le fondateur de Penguin  Books?,fr
Wie is de oprichter van Penguin Books?,nl
पेंगुइन बुक्स के संस्थापक कौन हैं?,hi_IN
Cine este fondatorul Penguin Books?,ro
When was Jack Wolfskin founded?,en
Quando foi fundada a Jack Wolfskin?,pt_BR
جک ولفیش کی تأسیس شد؟,fa
Wann wurde Jack Wolfskin gegründet?,de
¿Cúando se fundó Jack Wolfskin?,es
Quando è stata fondata Jack Wolfskin?,it
Quand a été fondé Jack Wolfskin?,fr
Wanneer werd Jack Wolfskin opgericht?,nl
जैक वुल्फस्किन की स्थापना कब हुई थी?,hi_IN
Când a fost fondat Jack Wolfskin?,ro
Who is the mayor of Rotterdam?,en
Quem é o prefeito de Rotterdam?,pt_BR
Wer ist der Bürgermeister von Rotterdam?,de
¿Quién es el alcalde de Rotterdam?,es
Chi è il sindaco di Rotterdam?,it
Qui est le maire de Rotterdam?,fr
Wie is de burgemeester van Rotterdam?,nl
रॉटरडैम के महपौर कौन हैं?,hi_IN
Cine este primar în Rotterdam?,ro
Give me all Swedish oceanographers.,en
Liste todos os oceanógrafos suecos.,pt_BR
Gib mir alle Schwedischen Ozeanographen.,de
Dame todos los oceanógrafos suecos.,es
Dammi tutti gli oceanografi svedesi.,it
Donne-moi tous les océanographes suédois.,fr
Toon alle Zweedse oceanograafen.,nl
मुझे सभी स्वीडिश महासागरीय वैज्ञानिकों की सूचि बतायें।,hi_IN
Dă-mi toți oceanografii suedezi.,ro
Show me Hemingway's autobiography.,en
Mostre-me a autobiografia de Hemingway.,pt_BR
خود زندگی نامه همینگوی را بده.,fa
Zeig mir Hemmingways Autobiographie.,de
Muéstrame la autobiografía Hemingway.,es
Mostrami l'autobiografia di Hemingway.,it
Montre l'autobiographie de Hemingway.,fr
Toen de autobiografie van Hemmingway.,nl
हेमिंग्वे की आत्मकथा मुझे दिखायें।,hi_IN
Arată-mi autobiografia lui Hemingway,ro
Who are the parents of the wife of Juan Carlos I?,en
Quem são os pais da esposa de Juan Carlos I?,pt_BR
Wer sind die Eltern der Frau von Juan Carlos I?,de
¿Quién son los padres de la esposa de Juan Carlos I?,es
Chi sono i genitori della moglie di Juan Carlos I?,it
Qui sont les parents de l'épouse de Juan Carlos Ier?,fr
Hoe heten de ouders van de vrouw van Juan Carlos I?,nl
जुआन कार्लोस-१ की पत्नी के माता-पिता कौन हैं?,hi_IN
Cine sunt părinții soției lui Juan Carlos I?,ro
Did Tesla win a nobel prize in physics?,en
Tesla ganhou um Prêmio Nobel de Física?,pt_BR
Hat Tesla den Nobelpreis für Physik gewonnen?,de
¿Obtuvo Tesla el premio nobel de física?,es
Tesla ha vinto un premio Nobel per la fisica?,it
Tesla a-t-il recu le prix Nobel?,fr
Heeft Tesla ooit de Nobelprijs voor de Natuurkunde gewonnen?,nl
क्या टेस्ला ने भौतिक विज्ञान में नोबेल पुरस्कार जीता?,hi_IN
Who is the tallest basketball player?,en
Quem é o jogador de basquete mais alto?,pt_BR
چه کسی بلندترین بازیکن بسکتبال است؟,fa
Wer ist der größte Basketballspieler?,de
Quien es el jugador de baloncesto mas alto?,es
Chi è il giocatore di pallacanestro più alto?,it
Quel est le plus grand joueur de basket?,fr
Wie is de grootste basketballer?,nl
सबसे लंबा बास्केटबॉल खिलाड़ी कौन है?,hi_IN
Cine este cel mai înalt jucător de basket?,ro
Which city has the least inhabitants?,en
Qual cidade tem menos habitantes?,pt_BR
چه شهری کمترین سکنه را دارد؟,fa
Welche Stadt hat die wenigsten Einwohner?,de
¿Que ciudad tiene la menor población?,es
Quale città ha il minor numero di abitanti?,it
Quelle ville a le plus petit nombre d'habitants?,fr
Welke stad heeft de minste inwoners?,nl
सबसे कम निवासियों वाला शहर कौन सा है?,hi_IN
Care oraș are cei mai puțini locuitori?,ro
Is proinsulin a protein?,en
A proinsulina é uma proteína?,pt_BR
Ist Proinsulin ein Protein?,de
¿La proinsulina es una proteina?,es
a proinsulina è una proteina?,it
La pro-insuline est-elle une protéine?,fr
Is proinsuline een proteïne?,nl
क्या प्रोइन्सुलिन एक प्रोटीन है?,hi_IN
Who were the parents of Queen Victoria?,en
Quem foram os pais da Rainha Victoria?,pt_BR
Wer waren die Eltern von Königin Viktoria?,de
¿Quiénes fueron los padres de la reina Victoria?,es
Chi sono i genitori della regina Vittoria?,it
Qui étaient les parents de la reine Victoria?,fr
Wie waren de ouders van Koningin Victoria?,nl
महारानी विक्टोरिया के माता-पिता कौन थे?,hi_IN
Cine au fost părinții reginei Victoria?,ro
Did Che Guevara have children?,en
Che Guevara teve filhos?,pt_BR
Hatte Che Guevara Kinder?,de
¿Tuvo hijos el Che Guevara?,es
Che Guevara aveva dei figli?,it
Est-ce que Che Guevara a eu des enfants?,fr
Had Che Guevara kinderen?,nl
क्या चे ग्वेरा के बच्चे हैं?,hi_IN
Che Guevara a avut copii?,ro
Is Lake Baikal bigger than the Great Bear Lake?,en
O lago Baikal é maior do que o lago Great Bear?,pt_BR
Ist der Baikalsee größer als der Große Bärensee?,de
¿Es el lago Baikal mayor que el lago Great Bear?,es
Il lago Baikal è più grande le lago Great Bear?,it
Est-ce que Lake Baikal est plus grand que le Great Bear Lake?,fr
Is het Baikalmeer groter dan het Groot Berenmeer?,nl
क्या जैक बेयर झील तुलना में बाइकाल झील बड़ी है?,hi_IN
Lacul Baikal este mai mare decât lacul Great Bear?,ro
Did Kaurismäki ever win the Grand Prix at Cannes?,en
Kaurismäki alguma vez venceu o Grand Prix de Cannes?,pt_BR
آیا کوریسماکی تا بحال جایزه بزرگ  جشنواره کن را برده است؟,fa
Hat Kaurismäki jemals den Großen Preis der Jury in Cannes gewonnen?,de
¿Gano Kaurismäki alguna vez el Gran Prix de Cannes?,es
Kaurismäki ha mai vinto il Grand Prix a Cannes?,it
A Kaurismäki gagné le Grand Prix de Cannes?,fr
Heeft Kaurismäki ooit de Grand Prix op het filmfestival van Cannes gewonnen?,nl
क्या कौरिस्म्की कभी कैनन्स में ग्रांड प्रिक्स जीते हैं?,hi_IN
Kaurismäki a câștigat vreodată premiul Grand Prix la Cannes?,ro
Give me all books by William Goldman with more than 300 pages.,en
Liste todos os livros de William Goldman com mais de 300 páginas.,pt_BR
Gib mir alle Bücher von William Goldman mit mehr als 300 Seiten.,de
Dame todos los libros de Wiliam Goldman con más de 300 páginas.,es
Dammi tutti i libri di Wiliam Goldman con più di 300 pagine.,it
Donnes-moi tous les livres de William Goldman avec plus de 300 pages.,fr
Geef alle boeken van William Goldman met meer dan 300 pagina's.,nl
मुझे ३०० से अधिक पृष्ठों के साथ विलियम गोल्डमैन की किताबें की सूचि बतायें।,hi_IN
Dă-mi toate carțile de William Glodman cu mai mult de 300 de pagini.,ro
Where is Fort Knox located?,en
Onde está localizado o Fort Knox?,pt_BR
فورت ناکس در کجا واقع شده است؟,fa
Wo liegt Fort Knox?,de
¿Donde se encuentra el Fort Knox?,es
Dove si trova Fort Knox?,it
Dans quel état américain se trouve Fort Knox?,fr
Waar ligt Fort Knox?,nl
फोर्ट नॉक्स कहां स्थित है?,hi_IN
În ce stat american este situat Fort Knox?,ro
In which U.S. state is Fort Knox located?,en
Em que estado dos EUA fica o Fort Knox?,pt_BR
In welchem US-Bundesstaat liegt Fort Knox?,de
¿En qué estado american se encuentra Fort Knox?,es
In quale stato americano si trova Fort Knox?,it
Dans quel état américain se trouve Fort Knox?,fr
In welke staat van de Verenigde Staten ligt Fort Knox?,nl
सैयुक्त राज्य के किस राज्य में फोर्ट नॉक्स स्थित है?,hi_IN
Where is Syngman Rhee buried?,en
Onde está enterrado Syngman Rhee?,pt_BR
ایسونگمن ری گجا دفن شده است؟,fa
Wo liegt Syngman Rhee begraben?,de
¿Dónde está enterrado Syngman Rhee?,es
Dove è sepolto Syngman Rhee?,it
Où est enterré Syngman Rhee?,fr
Waar ligt Syngman Rhee begraven?,nl
सिन्गमैन र्ही कहाँ दफनाया गया है?,hi_IN
Unde este înmormântat Syngman Rhee?,ro
What is the timezone in San Pedro de Atacama?,en
Qual é o fuso horário de São Pedro de Atacama?,pt_BR
منطقه زمانی در San Pedro de Atacama چیست؟,fa
In welcher Zeitzone liegt San Pedro de Atacama?,de
¿Cuál es la zona horaria en San Pedro de Atacama?,es
Qual è il fuso orario di San Pedro de Atacama?,it
Quel est le fuseau horaire de San Pedro de Atacama?,fr
Wat is de tijdzone in San Pedro de Atacama?,nl
सैन पेड्रो डे अटाकामा में समय क्षेत्र क्या है?,hi_IN
Care este fusul orar din San Pedro de Atacama?,ro
To which artistic movement did the painter of The Three Dancers belong?,en
A que movimento artístico o pintor do quadro As Três Dançarinas pertencia?,pt_BR
نقاش سه رقصنده به چه جنبش هنری تعلق دارد؟,fa
Welcher Stilrichtung gehörte der Maler der Drei Tänzer an?,de
¿A qué estilo artístico pertenece el pinto de Los Tres Bailarines?,es
A quale movimento artistico apparteneva il pittore de I tre ballerini?,it
A quel mouvement artistisque appartient le peintre de Les Trois Danceurs?,fr
Tot welke artistieke stijl behoort de schilder van de Drie Dansers?,nl
द थ्री डांसर्स के चित्रकार किस कलात्मक आंदोलन से हैं?,hi_IN
Cărui curent artistic îi aparține pictorul lucrării Trei dansatoare?,ro
Which scientist is known for the Manhattan Project and the Nobel Peace Prize?,en
Que cientista é conhecido pelo Projeto Manhattan e pelo Prêmio Nobel da Paz?,pt_BR
Welcher Wissenschaftler ist bekannt für das Manhattan-Projekt und den Friedensnobelpreis?,de
¿Qué científicos son conocidos por el proyecto Manhattan y el premio Nobel de la Paz?,es
Quale scienziato è conosciuto per il progetto Manhattan e per il premio Nobel per la pace?,it
Quel chercheur est connu pour le projet Manhattan et le prix Nobel de la paix?,fr
Welke wetenschaper staat bekend om het Manhattan Project en de Nobelprijs voor de Vrede?,nl
कौन सा वैज्ञानिक मैनहट्टन प्रोजेक्ट और नोबेल शांति पुरस्कार के लिए जाना जाता है?,hi_IN
Care om de știință este cunoscut pentru proiectul Manhattan și pentru premiul Nobel pentru pace?,ro
Show me all books in Asimov's Foundation series.,en
Mostre-me todos os livros de Asimov da série Fundação.,pt_BR
مجموعه کتاب های آسیموف چند کتاب دارد؟,fa
Zeig mir alle Bücher in Asimovs Foundation-Serie.,de
Muéstrame todos los libros en la serie Fundación de Asimov,es
Mostrami tutti i libri del Ciclo della Fondazione di Asimov,it
Montres-moi tous les livres du Cycle de Fondation d'Asimov.,fr
Toon alle boeken die bij de Foundation-serie horen.,nl
असिमोव की फाउंडेशन श्रृंखला की सारी पुस्तकों की सूचि दिखाएं।,hi_IN
Arată-mi toate cărțile din seria Fundația de Asimov,ro
Give me all cities in New Jersey with more than 100000 inhabitants.,en
Liste todas as cidades em New Jersey com mais de 100000 habitantes.,pt_BR
"Gib mir alle Städte in New Jersey, die mehr als 100000 Einwohner haben.",de
Dame todas las cuidades en New Jersey que tengan más de 100000 habitantes.,es
Dammi tutte le città del New Jersey con più di 100000 abitanti.,it
Donnes-moi toutes les villes du New Jersey avec plus de 100000 habitants.,fr
Geef alle steden in New Jersey met meer dan 100000 inwoners.,nl
मुझे न्यू जर्सी के १००००० से अधिक निवासियों के साथ सभी शहरों की सूचि बतायें।,hi_IN
Which museum in New York has the most visitors?,en
Que museu de Nova York tem mais visitantes?,pt_BR
کدام موزه در نیویورک بیشترین بازدید کننده را دارد؟,fa
Welches Museum in New York hat die meisten Besucher?,de
¿Qué museo en Nueva York tiene el mayor numero de visitantes?,es
Quale museo di New York ha il maggior numero di visitatori?,it
Quel musée de New York a le plus de visiteurs?,fr
Welk museum in New York heeft de meeste bezoekers?,nl
न्यूयॉर्क में कौन से संग्रहालय में सबसे अधिक आगंतुक हैं?,hi_IN
Care muzeu din New York are cei mai mulți vizitatori?,ro
How high is the Yokohama Marine Tower?,en
Qual a altura da torre Yokohama Marine?,pt_BR
Wie hoch ist der Yokohama Marine Tower?,de
¿Cómo de alta el la torre Yokohama Marine?,es
Quanto è alta la torre Yokohama Marine?,it
Quelle est la hauteur de la tour de Yokohama?,fr
Hoe hoog is de Yokohama Marine Tower?,nl
योकोहामा समुद्री टॉवर कितना ऊँचा है?,hi_IN
Cât de înalt este Turnul Marine Yokohama?,ro
Does the new Battlestar Galactica series have more episodes than the old one?,en
A nova série Battlestar Galactica tem mais episódios do que a anterior?,pt_BR
Hat die neue Battlestar-Galactica-Serie mehr Episoden als die alte?,de
¿Tiene la nueve serie de Battlestar-Galactica más episodios que la anterior?,es
La nuova serie di Battlestar Galactica ha più episodi di quella precedente?,it
A la nouvelle série de Battlestar Galactica plus d'épisodes que l'ancienne?,fr
Heeft de nieuwe Battlestar Galactica-serie meer afleveringen dan de oude?,nl
क्या नई बट्ट्लैस्टार गैलेक्टिका सीरीज़ के पुराने संस्करणों की तुलना में अधिक एपिसोड हैं?,hi_IN
Who is the youngest Darts player?,en
Quem é o jogador mais jovem de dardos?,pt_BR
Wer ist der jüngste Dartspieler?,de
¿Quién es el jugador mas jóven de dardos?,es
Chi è il giocatore di freccette più giovane?,it
Quel est le joueur de fléchettes le plus jeune?,fr
Wie is de jongste dartsspeler?,nl
सबसे छोटा डार्ट्स खिलाड़ी कौन है?,hi_IN
Cine este cel mai tânăr jucător de Darts?,ro
Who developed the video game World of Warcraft?,en
Quem desenvolveu o jogo World of Warcraft?,pt_BR
Wer hat das Videospiel World of Warcraft entwickelt?,de
¿Quién desarrolló el videojuego Warcraft?,es
Chi ha creato il videogioco World of Warcraft?,it
Qui a développé World of Warcraft?,fr
Wie heeft het videospel World of Warcraft ontwikkeld?,nl
वर्ल्ड ऑफ़ वारक्राफ़्ट गेम किसने विकसित किया हैं?,hi_IN
Who was the pope that founded the Vatican Television?,en
Qual papa fundou a Televisão do Vaticano?,pt_BR
Welcher Papst hat das Vatikanische Fernsehen gegründet?,de
¿Quien fue el papa que fundo la televisión Vaticana?,es
Quale papa ha fondato la televisione vaticana?,it
Quel pape est le fondateur de la télé du Vatican?,fr
Welk paus richtte de Vaticaanse televisie op?,nl
किस पोप ने वेटिकन टेलीविजन की स्थापना की थी?,hi_IN
Cine a fost papa care a creat televiziunea din Vatican?,ro
Who composed the music for Harold and Maude?,en
Quem compôs a música para Harold e Maude?,pt_BR
Wer hat die Musik für Harold und Maude komponiert?,de
¿Quién compuso la música para Harold y Maude?,es
Chi ha composto la musica per Harold e Maude?,it
Qui a composé la musique de Harold et Maude?,fr
Wie componeerde de muziek voor Harold and Maude,nl
हेरोल्ड एंड मॉड के लिए संगीत किसने बनाया था?,hi_IN
Give me all members of Prodigy.,en
Liste todos os membros da Prodigy,pt_BR
تمام اعضای پرادیجی را لیست کن.,fa
Gib mir alle Bandmitglieder von Prodigy.,de
Dame todos los miembros de la banda Prodigy.,es
Dammi tutti i membri dei Prodigy.,it
Donne-moi tous les membres de Prodigy.,fr
Noem alle leden van Prodigy.,nl
मुझे प्रोडिजी के सभी सदस्यों की सूचि बतायें।,hi_IN
Dă-mi toții membrii Prodigy.,ro
Who is starring in Spanish movies produced by Benicio del Toro?,en
Quem atua nos filmes espanhois produzidos por Benicio del Toro?,pt_BR
چه کسی در فیلم های اسپانیایی تولید شده توسط بنیسیو دل تورو بازی می کند؟,fa
Wer spielt alles in spanischen Filmen produziert von Benicio del Toro mit? ,de
¿Quien protagoniza peliculas españolas producidas por Benicio del Toro?,es
Chi recita nei film spagnoli prodotti da Benicio del Toro?,it
Quels acteurs jouent dans des films dirigés par Benicio del Toro?,fr
Wie speeld in Spaanse films geproduceerd door Benicio del Toro?,nl
बेनिसीओ डेल टोरो द्वारा निर्मित स्पेनिश फिल्मों में कौन अभिनय करता है?,hi_IN
Cine sunt protagoniști în filmele spaniole produse de Benicio del Toro?,ro
Which subsidiary of TUI Travel serves both Glasgow and Dublin?,en
Qual subsidiária da TUI Travel vôa para Glasgow e Dublin?,pt_BR
چه شرکت های تابعی از تی.یو.آی. تراول به هر دوی گلاسگو و دوبلین سرویس دارند؟,fa
Welche Tochtergesellschaft von TUI Travel fliegt sowohl Glasgow als auch Dublin an?,de
¿Qué subsidiario de TUI Travel vuela en Glasgow y en Dublin?,es
Quale società sussidiaria di TUI Travel serve sia Dortmund che Dublino?,it
Quelle subsidiaire de TUI Travel vole sur Glasgow et Dublin?,fr
Welke dochteronderneming van TUI Travel bedient zowel Glasgow en Dublin?,nl
टीयूआई ट्रैवल की कौन सी सहायक कंपनी ग्लासगो और डबलिन को सेवाएं देती है?,hi_IN
Care filială a TUI Travel deservește atât Glasgow cât și Dublin?,ro
In which country is Mecca located?,en
Em qual país está localizada Meca?,pt_BR
In welchem Land liegt Mekka?,de
¿En que país se sitúa la Meca?,es
In quale stato si trova La Mecca?,it
Dans quel pays se trouve Mecca?,fr
In welk land ligt Mekka?,nl
मक्का किस देश में स्थित है?,hi_IN
În ce țară se află Mecca?,ro
How many languages are spoken in Colombia?,en
Quantos idiomas são falados na Colômbia?,pt_BR
چه تعداد زبان در کلمبیا صحبت می شود؟,fa
Wieviele Sprachen werden in Kolumbien gesprochen?,de
¿Cuántos idiomas se hablan en Colombia?,es
Quante lingue sono parlate in Colombia?,it
Combien de langues sont parlées au Colombie?,fr
Hoeveel talen worden er in Colombia gesproken?,nl
कोलंबिया में कितनी भाषाएं बोली जाती हैं?,hi_IN
Câte limbi sunt vorbite în Columbia?,ro
What is the biggest stadium in Spain?,en
Qual o maior estádio da Espanha?,pt_BR
بزرگترین استادیوم در اسپانیا کدام است؟,fa
Was ist das größte Stadion in Spanien?,de
¿Cuál es el estadio más grande de España?,es
Qual è lo stadio più grande in Spagna?,it
Quel est le plus grand stade d'Espagne?,fr
Wat is het grootste stadion van Spanje?,nl
"स्पेन, सबसे बड़ा, स्टेडियम",hi_IN
Care este cel mai mare stadion din Spania?,ro
Which professional surfers were born on the Philippines?,en
Que surfistas profissionais nasceram nas Filipinas?,pt_BR
Welche Profisurfer wurden auf den Philippinen geboren?,de
¿Qué surfistas profesionales nacieron en las Filipinas?,es
Quali surfisti professionisti sono nati nelle Filippine?,it
Quels surfeurs professionels sont nés aux Philippines?,fr
Welke professionele surfers werden geboren op de Filipijnen?,nl
फिलीपींस पर कौन से पेशेवर सर्फर्स पैदा हुए थे?,hi_IN
What are the five boroughs of New York?,en
Quais são os cinco condados de New York?,pt_BR
پنج منطقه نیویورک کدام است؟,fa
Was sind die fünf Stadtteile von New York?,de
¿Cuáles son los cinco condados de Nueva York?,es
Quali sono i cinque quartieri di New York?,it
Donne-moi cinq quartiers de New York.,fr
Wat zijn de fijv wijken van New York?,nl
न्यूयॉर्क के पांच नगर क्या हैं?,hi_IN
Care sunt cele cinci cartiere din New York?,ro
Is Cola a beverage?,en
Cola é uma bebida?,pt_BR
Ist Cola ein Getränk?,de
¿La Coca Cola es una bebida?,es
La Cola è una bevanda?,it
Le Coca est-il une boisson?,fr
Is cola een drank?,nl
क्या कोला एक पेय है?,hi_IN
Cola este o băutură?,ro
When did princess Diana die?,en
Quando a princesa Diana morreu?,pt_BR
شاهزاده دیانا کی فوت کرد؟,fa
Wann ist Prinzessin Diana gestorben?,de
¿Cuándo murió la princesa Diana?,es
Quando è morta la principessa Diana?,it
Donne moi la date de décès de Princesse Diana.,fr
Wanneer is prinses Diana overleden?,nl
राजकुमारी डायना का निधन कब हुआ?,hi_IN
Când a murit prințesa Diana?,ro
Where in France is sparkling wine produced?,en
Onde é produzido o vinho espumante na França?,pt_BR
Wo in Frankreich wird Schaumwein hergestellt?,de
¿Dónde en Francia se produce el vino espumoso?,es
Dove si produce vino frizzante in Francia?,it
Où produit-on du vin mousseux en France?,fr
Waar in Frankrijk word mousserende wijn geproduceerd?,nl
फ्रांस में स्पार्कलिंग वाइन का उत्पादन कहाँ होता है?,hi_IN
Unde în Franța este produs vinul spumant?,ro
